-- phpMyAdmin SQL Dump
-- version 4.1.6
-- http://www.phpmyadmin.net
--
-- Host: 127.0.0.1
-- Generation Time: 01 Jun 2015 pada 04.43
-- Versi Server: 5.6.16
-- PHP Version: 5.5.9

SET SQL_MODE = "NO_AUTO_VALUE_ON_ZERO";
SET time_zone = "+00:00";


/*!40101 SET @OLD_CHARACTER_SET_CLIENT=@@CHARACTER_SET_CLIENT */;
/*!40101 SET @OLD_CHARACTER_SET_RESULTS=@@CHARACTER_SET_RESULTS */;
/*!40101 SET @OLD_COLLATION_CONNECTION=@@COLLATION_CONNECTION */;
/*!40101 SET NAMES utf8 */;

--
-- Database: `enneagram`
--

-- --------------------------------------------------------

--
-- Struktur dari tabel `tb_macamtipe`
--

CREATE TABLE IF NOT EXISTS `tb_macamtipe` (
  `id` int(11) NOT NULL,
  `gambar` varchar(100) NOT NULL,
  `judul` varchar(150) NOT NULL,
  `keterangan` text NOT NULL
) ENGINE=InnoDB DEFAULT CHARSET=latin1;

--
-- Dumping data untuk tabel `tb_macamtipe`
--

INSERT INTO `tb_macamtipe` (`id`, `gambar`, `judul`, `keterangan`) VALUES
(1, 'assets/img/tipe/type1.jpg', 'Tipe 1 (Eka)', '<p>     Eka mencontohkan pribadi yang berkeinginan untuk menjadi orang baik, hidup sesuai standar etis teratas, dan memberikan efek perubahan yang positif di     dunia. Beberapa tipe mengindahkan cara mencapai tujuan, sedangkan Eka khususnya memerhatikan bagaimana mereka mencapai tujuan mereka. Apakah saya     terhormat? Apakah saya menggunakan sumber daya dengan bijak? Apakah saya adil dan jujur? Eka adalah orang – orang dengan standar yang tinggi dan mereka     mengharapkan diri mereka sendiri dan orang lain untuk hidup sesuai standar tersebut sebanyak mungkin. Mereka cenderung memandang sesuatu secara berjangka     panjang, dan mereka bisa menyadari bagaimana tindakan saat ini dapat mempengaruhi situasi masa depan. Sebagai contoh, Eka sering di garis paling depan     untuk meningkatkan standar lingkungannya atau untuk menyadarkan orang lain akan pilihan gaya hidup yang lebih sehat. </p> <p>     Eka tampak tenang dan percaya diri, akan tetapi mereka bisa menderita akan kritik batin yang hebat, merasa bahwa mereka tak akan pernah bisa memenuhi     standar “olimpiade” mereka. Demikian pula, mereka dapat merasa kesepian dan terasing dari orang lain, menganggap diri mereka sebagai satu – satunya orang     dewasa yang bertanggung jawab. Pada saat seperti itu mereka merasa terbebani oleh tanggung jawab mereka serta perasaan yang membisikkan bahwa orang lain     tidak akan melakukan pekerjaan secermat mereka. Jika perasaan ini menguat, Eka dapat menjadi keras dengan diri sendiri dan orang lain, dan menjadi mangsa     bagi depresi yang terpendam. Mereka mungkin mencoba mempertahankan sikap luar yaitu menguasai dan berdiam diri sementara merasakan derita dan terasing     dalam hati. Dengan semakin terasingnya mereka, kritik batin mereka bisa menjadi lebih kejam dan tidak masuk akal. Beberapa pengamat lepas menduga betapa     beratnya penderitaan mereka dari serangan superego (kritik batin) mereka yang tanpa henti. </p> <p align="center">     <strong>Eka dengan sayap Nawa</strong> </p> <p>     Eka dengan sayap ini dapat memiliki aura tenang Nawa meskipun letusan amarah masih memungkinkan. Sering memiliki ciri “terpisah” dan dapat keliru dianggap     Panca. Mempunyai kecenderungan untuk merumuskan dan menganut prinsip – prinsip yang memiliki kadar insani yang sedikit, akan tetapi ini juga merupakan     kekuatan mereka. Dapat menjadi obyektif dan seimbang, tenang dan lembut dalam penilaian mereka. Agak terganggu, mungkin memiliki harapan perfeksionis yang     tidak mungkin untuk dipenuhi secara manusiawi. Mungkin memiliki pendapat sosial atau politik yang amat logis tetapi pada akhirnya tak berperasaan dan     kejam. Aturan adalah prioritas pertama dalam apa pun. Dapat bersikap tanpa ampun atau secara tidak sadar kejam. Seringkali agak tidak menarik dalam     penampilan pribadi mereka. Banyak Eka dengan sayap ini berpakaian polos, memilih pakaian fungsional yang sesuai dengan suasana, tetapi tidak mencolok.     Penekanan pada “fungsi” mungkin meluas ke gaya hidup umum mereka. Kepraktisan sangat dihargai. </p> <p align="center">     <strong>Eka dengan sayap Dwi</strong> </p> <p>     Eka dengan sayap ini umumnya memiliki kehangatan antarpribadi. Standar yang tinggi dilunakkan dengan perikemanusiaan. Dapat memahami dan dalam hal tertentu     memaafkan manusia karena tidak melakukan yang terbaik. Bekerja keras untuk memperbaiki keadaan orang lain, mengorbankan waktu dan energi untuk melakukan     pekerjaan yang bagus. Agak terganggu, dapat tak terduga dan merasa benar sendiri. Dapat bersikap otoriter yang membumbung dan memiliki kesombongan moral.     Dapat memberikan omelan atau menampilkan jenis emosi yang rapuh. Kemungkinan sikap "Lakukan seperti yang saya katakan, tidak seperti yang saya lakukan”.     Kemungkinan sifat munafik karena mereka begitu yakin memiliki niat moral yang baik. Mengabaikan ketidaktetapan dalam perilaku mereka sendiri.     Ketergantungan dalam hubungan. Jauh lebih mungkin menjadi subtipe tukang cemburu daripada Eka dengan sayap Nawa. </p> <p align="center">     <strong>Pengembangan diri Eka</strong> </p> <p>     Eka berkembang dengan mengakui bahwa orang lain juga menanggapi sesuatu dengan serius, tetapi pendekatan mereka terhadap masalah atau tugas mungkin     berbeda. Dengan menjadi lebih terpusat pada diri mereka sendiri, Eka tidak hanya menghormati pandangan orang lain, tetapi menjadi ingin tahu tentang orang     lain. Mereka memahami bahwa kebijaksanaan mereka hanya dapat diperkaya dengan menambahkan sudut pandang lain. Eka juga tumbuh dengan “bermain”, yaitu     dengan menemukan bidang kehidupan mereka yang lebih ringan, bebas, dan yang menawarkan kesempatan untuk kreativitas spontan. Kebanyakan Eka memiliki rasa     humor yang bagus, dan semakin mereka membiarkan diri untuk menghibur dan bersama orang lain, semakin baik pula bagi semua orang. Pada dasarnya, Eka tumbuh     secara seimbang hingga mereka dapat menerima kenyataan dengan semua "ketidaksempurnaan" yang tampak jelas. Hal ini tentu saja berlaku, utamanya pada diri     mereka sendiri. Dengan menerima apa adanya, dan sejalan dengan kenyataan daripada menghakiminya, mereka menjadi realis yang diberikan pencerahan,     mengetahui tindakan terbaik untuk setiap waktu. </p> <p>     · Belajarlah untuk santai. Luangkan waktu untuk diri sendiri, tanpa merasa bahwa semuanya tergantung pada Anda atau apa yang tidak Anda selesaikan akan     mengakibatkan kekacauan dan bencana. Untungnya, keselamatan dunia tidak tergantung pada Anda seorang, meskipun Anda terkadang mungkin merasakan sebaliknya. </p> <p>     · Anda memiliki bakat untuk mengajar orang lain dan mungkin Anda adalah guru yang baik, tetapi jangan mengharapkan orang lain untuk segera berubah. Yang     jelas bagi Anda mungkin tidak jelas bagi mereka, terutama jika mereka tidak terbiasa bersikap disiplin dan obyektif tentang diri mereka sebagaimana Anda     terhadap diri Anda. Banyak orang yang mungkin juga ingin melakukan apa yang benar dan mungkin setuju dengan Anda secara prinsip, tetapi karena berbagai     alasan tidak bisa mengubahnya sesegera mungkin. Fakta bahwa orang lain tidak segera berubah sesuai dengan “resep” Anda tidak berarti bahwa mereka tidak     akan berubah suatu saat nanti. Kata – kata Anda dan yang terutama, contoh Anda dapat melakukan lebih baik dari yang Anda sadari, meskipun dapat lebih lama     dari yang Anda harapkan. Oleh sebab itu milikilah kesabaran. </p> <p>     · Sangat mudah bagi Anda untuk naik darah terhadap kesalahan orang lain. Dan terkadang benar bahwa mereka terbukti salah. Tapi apa untungnya bagi Anda?     Kejengkelan Anda dengan mereka tak akan melakukan apa pun untuk membantu mereka melihat cara yang Anda maksud. Demikian pula, waspadalah terhadap rasa     kesal konstan Anda dengan kekurangan diri. Apakah kritik batin yang keras benar – benar membantu Anda untuk memperbaiki diri? Atau apakah itu hanya membuat     Anda tegang, gugup, dan meragukan diri sendiri? Belajar mengenali “serangan” dari kritik batin Anda dan bagaimana mereka menggerogoti Anda daripada     membantu Anda. </p> <p>     · Penting bagi Anda untuk “menghubungi” perasaan Anda, terutama hasrat bawah sadar Anda. Anda mungkin merasa tidak nyaman dengan emosi, serta hasrat     seksual maupun yang agresif. Singkatnya, yaitu dengan hal – hal manusiawi yang “kotor” yang menjadikan kita seorang manusia. Mungkin bermanfaat untuk     menulis buku harian atau bergabung dengan beberapa jenis terapi kelompok atau kerja kelompok lainnya, baik untuk mengembangkan emosi Anda dan mengetahui     sendiri bahwa orang lain tidak akan menyalahkan Anda karena memiliki kebutuhan dan keterbatasan manusiawi. </p> <p>     Titik kelemahan Anda adalah kemarahan yang timbul dari merasa benar. Anda mudah marah dan tersinggung dengan apa yang merupakan “penolakan yang sesat” dari     orang lain untuk melakukan hal yang benar, yang telah Anda tetapkan. Cobalah untuk melangkah mundur dan lihatlah bahwa kemarahan Anda mengasingkan orang     lain sehingga mereka tidak dapat mendengar banyak hal baik dari Anda. Selanjutnya, kemarahan Anda yang ditekan mungkin akan mengakibatkan maag atau tekanan     darah tinggi yang merupakan pertanda hal – hal buruk kedepannya. </p>'),
(2, 'assets/img/tipe/type2.jpg', 'Tipe 2 (Dwi)', '<p>\r\n    Dwi mencontohkan pribadi yang berkeinginan untuk merasa dicintai, untuk terhubung dengan orang lain dengan cara yang tulus, dan menjadi sumber kebajikan\r\n    dan kasih sayang dalam dunia. Dwi tak diragukan lagi adalah tipe yang paling tertuju terhadap sesama dari tipe Enneagram yang lain. Mereka fokus pada\r\n    hubungan dan merasa puas hati ketika mereka terlibat dengan penuh makna pada orang lain. Mereka ingin berbagi kebaikan dalam hidup mereka dan dengan senang\r\n    hati nan ikhlas mendukung orang lain dengan perhatian dan perawatan mereka. Sejauh yang mereka bisa, Dwi membuat hal – hal baik terjadi pada orang lain.\r\n    Mereka akan tetap terjaga sampai larut malam untuk mengurus anak – anak atau orang tua, berkeliling kota untuk membawa makanan, atau memastikan bahwa orang\r\n    lain akan mendapatkan perawatan medis. Ketika ada pekerjaan praktis yang harus dilakukan untuk orang lain, Dwi yang sehat akan berada di sana, memusatkan\r\n    usaha mereka dengan hati dan semangat.\r\n</p>\r\n<p>\r\n    Meskipun dari luar Dwi tampak merasa nyaman dengan orang lain dan menjadi “sumber rezeki” emosional bagi orang – orang dalam hidup mereka, mereka juga\r\n    menderita rasa penolakan yang tersembunyi dengan baik. Dwi mengira orang lain tidak menginginkan mereka, dan mereka sering merasa bahwa mereka harus luar\r\n    biasa baik dan mendukung untuk membuat orang lain menerima dan mencintai mereka. Mereka biasanya mencoba untuk menyembunyikan kedalaman rasa kesepian atau\r\n    luka mereka dibalik citra peduli terhadap orang lain, dengan fokus pada kebutuhan orang lain untuk membantu mereka merasa lebih baik. Adakalanya hal itu\r\n    berhasil, tetapi seringkali juga Dwi mungkin merasa bahwa orang lain tidak menghargai mereka atas usaha mereka, sehingga menyalakan kembali perasaan\r\n    penolakan. Kemudian, mereka dapat menjadi sensitif atau bahkan terang – terangan marah, mengungkapkan sejauh mana kekecewaan yang mereka sembunyikan.\r\n</p>\r\n<p align="center">\r\n    <strong>Dwi dengan sayap Eka</strong>\r\n</p>\r\n<p align="center">\r\n    <strong> </strong>\r\n</p>\r\n<p>\r\n    <strong> </strong>\r\n    Dwi dengan sayap ini memiliki hati nurani dan penahanan emosional pada sfat dasar Dwi. Ketika sehat, mereka bertindak dari prinsip – prinsip umum tentang\r\n    nilai dari melayani sesama. Etika lebih dulu sebelum keangkuhan. Mungkin memasang diri pada standar yang tinggi. Lebih bijaksana dan menghormati batas –\r\n    batas orang lain. Ketika marah, cenderung untuk pergi diam – diam dan mengalami emosi yang kuat dari dalam. Lebih melankolis dari Dwi dengan sayap Tri.\r\n    Ketika kurang sehat dan terganggu, cenderung membingungkan rasa misi dengan kebutuhan egois. Buta terhadap niat mereka sendiri, menyerang dan mendominasi\r\n    orang lain. Percaya tindakan mereka dibenarkan dengan sempurna dari etika membantu mereka. Mungkin menekan keinginan pribadi mereka dan fokus pada orang\r\n    lain sebagai cara untuk menghindari dilema bersalah antara aturan dan kebutuhan batin mereka. Jika benar – benar buta mereka akan memelintir etika mereka\r\n    untuk membenarkan keegoisan pribadi dan kebencian yang angkuh.\r\n</p>\r\n<p align="center">\r\n    <strong>Dwi dengan sayap Tri</strong>\r\n</p>\r\n<p align="center">\r\n    <strong> </strong>\r\n</p>\r\n<p>\r\n    <strong> </strong>\r\n    Dwi dengan sayap ini memiliki nilai kemampuan sosial tambahan serta kecakapan untuk membuat sesuatu terjadi. Ketika sehat, dapat menjadi menarik, baik hati\r\n    dan ikhlas. Benar – benar menyelesaikan sesuatu, melayani secara efektif pada proyek – proyek yang melibatkan kesejahteraan orang lain. Berkembang pada\r\n    proses kelompok dan umumnya komunikator yang baik. Senang menjaga dan melakukan beberapa hubungan atau proyek sekaligus. Ketika agak terganggu dapat sangat\r\n    kompetitif dan menguasai secara emosional. Sayap Tri membawa dosis ganda dari kesombongan. Kecenderungan yang kuat untuk hidup dalam suatu citra. Dapat\r\n    lebih berani menipu, menyukai skenario glamor dan egois mereka daripada kenyataan. Kecenderungan untuk penipuan dan perhitungan emosional. Sangat\r\n    manipulatif. Sayap ini juga lebih terbuka, dramatisasi perasaan dalam bentuk amarah histeris jauh lebih mungkin.<strong></strong>\r\n</p>\r\n<p align="center">\r\n    <strong>Pengembangan diri Dwi</strong>\r\n</p>\r\n<p>\r\n    Dwi berkembang dengan mengakui bahwa merawat diri mereka sendiri dan merawat orang lain bukanlah permasalahan “salah satu saja”. Mereka dapat merawat orang\r\n    lain secara efektif hanya ketika mereka juga merawat diri dan mengenali kebutuhan mereka sendiri. Selanjutnya, mereka akan memahami bahwa mereka dapat\r\n    mencapai cinta sejati dan keakraban dengan orang lain hanya jika mereka benar – benar memiliki cinta dan keakraban dengan diri mereka sendiri. Bagi Dwi,\r\n    ini artinya mengakui perasaan mereka yang sebenarnya, bahkan jika perasaan itu tidak indah atau menyenangkan, dan mengutarakan kebutuhan mereka yang\r\n    muncul. Selain itu, untuk memahami ini juga memerlukan rasa mengakui ketika mereka lelah, kesepian, atau terlalu berlebihan. Dengan memperhatikan perasaan\r\n    dan batin mereka sendiri, Dwi secara alami tumbuh menemukan keseimbangan antara merawat diri dan kecenderungan alami mereka untuk membantu orang lain.\r\n    Setelah beralasan dan jelas tentang niat mereka, mereka mampu tunduk dalam kesempurnaan hati mereka dan membagikannya dengan orang lain.\r\n</p>\r\n<p>\r\n    · Yang pertama dan terutama, ingat bahwa jika Anda tidak memenuhi kebutuhan Anda sendiri, sangat tidak mungkin bahwa Anda akan dapat memenuhi kebutuhan\r\n    orang lain tanpa masalah, kebencian yang tersembunyi, dan rasa frustasi yang tiada putusnya. Selanjutnya, Anda akan kurang mampu menanggapi orang lain\r\n    secara seimbang jika Anda belum beristirahat yang cukup, dan mengurus diri dengan layak. Tidaklah egois untuk memastikan bahwa Anda baik – baik saja\r\n    sebelum mengurusi kebutuhan orang lain, itu hanyalah akal sehat.\r\n</p>\r\n<p>\r\n    · Cobalah untuk lebih menyadari niat Anda sendiri ketika Anda memutuskan untuk membantu seseorang. Memang melakukan hal – hal baik bagi orang lain tentunya\r\n    merupakan sifat yang mengagumkan, namun ketika Anda melakukannya karena Anda mengharapkan orang lain untuk menghargai Anda atau melakukan sesuatu yang baik\r\n    terhadap Anda sebagai gantinya, Anda mempersiapkan diri untuk kekecewaan. Anda rentan kena bahaya, yaitu jatuh ke dalam pola kodependen (kepercayaan yang\r\n    berlebihan demi pengakuan) secara tidak sadar dengan orang yang dicintai, dan mereka hampir tidak pernah memberikan Anda apa yang Anda inginkan.\r\n</p>\r\n<p>\r\n    · Meskipun mungkin ada banyak hal yang Anda ingin lakukan untuk orang lain, seringkali lebih baik untuk pertama – tama menanyakan mereka apa yang mereka\r\n    butuhkan. Anda berbakat dalam menebak perasaan dan kebutuhan orang lain secara tepat, tetapi itu tidak berarti bahwa mereka ingin kebutuhan tersebut\r\n    dipenuhi dengan cara di dalam pikiran Anda. Komunikasikan maksud Anda, dan bersedialah untuk menerima kata – kata "Tidak, terima kasih.". Seseorang yang\r\n    memutuskan bahwa mereka tidak ingin tawaran bantuan tertentu tidak berarti bahwa mereka tidak menyukai Anda atau menolak Anda.\r\n</p>\r\n<p>\r\n    · Tahan godaan untuk menarik perhatian kepada diri sendiri dan perbuatan baik Anda. Setelah Anda telah melakukan sesuatu untuk orang lain, jangan\r\n    mengingatkan mereka tentang hal itu. Biarkanlah, mereka akan mengingat sendiri kebaikan Anda dan berterima kasih dengan cara mereka sendiri atau mereka\r\n    tidak akan. Sifat “mengungkit – ungkit” anda terhadap apa yang telah Anda lakukan untuk mereka hanya akan membuat mereka merasa malu dan tidak nyaman. Ini\r\n    tidak akan memuaskan siapa pun ataupun memperbaiki hubungan Anda.\r\n</p>\r\n<p>\r\n    Jangan selalu bersikap "melakukan demi orang lain" dan yang terpenting jangan mencoba untuk membuat orang mencintai Anda dengan memberikan mereka hadiah\r\n    atau pujian yang tidak semestinya. Di sisi lain, jangan secara gamblang mencabut bantuan Anda ketika orang lain tidak menanggapi Anda seperti yang Anda\r\n    inginkan. Jangan membuat apa yang Anda lakukan untuk orang lain tergantung pada bagaimana mereka menanggapi Anda. Bantulah orang lain ketika mereka memang\r\n    memintanya, khususnya menolong mereka untuk menjadi lebih mandiri.\r\n</p>'),
(3, 'assets/img/tipe/type3.jpg', 'Tipe 3 (Tri)', '<p>\r\n    Tri mencontohkan pribadi yang berkeinginan untuk menjadi yang terbaik, mengembangkan segala potensi diri, dan untuk menimbang diri sendiri dan orang lain.\r\n    Tri adalah sang "bintang" dari segala tipe, mereka merupakan orang dengan dorongan, ambisi dan kepercayaan diri yang luar biasa. Tri ingin menjadi orang\r\n    yang unggul, menjadi yang terbaik pada apa pun yang mereka lakukan, dan mereka bersedia untuk mengerahkan segala upaya yang diperlukan untuk melakukannya.\r\n    Tri dapat ditemukan di ruang olahraga, mengikuti kelas malam, melakukan pekerjaan dengan jam tambahan, belajar bagaimana mengkoordinasikan warna terbaik\r\n    ketika mereka berpakaian, semua pada dasarnya adalah apa yang diperlukan untuk bersinar. Sementara Tri cergas dan ambisius, mereka juga diplomatis, mereka\r\n    ingin disukai dan dihargai oleh orang lain. Mereka berusaha untuk tampil rapi dan sesuai, tidak ingin tampil yang dapat membuat mereka merasa ditolak.\r\n    Mereka tahu bagaimana untuk membuat kesan yang baik dan menampilkan diri dengan cara yang menyoroti energi dan kepercayaan diri mereka.\r\n</p>\r\n<p>\r\n    Di bawah permukaan, Tri memiliki kecemasan yang mendalam tentang nilai pribadi mereka. Mereka merasa bahwa kecuali mereka mempertahankan posisi atau citra\r\n    tertentu dalam hidup, mereka akan dianggap remeh, ditolak, dan dicampakkan sebagai “barang” tidak berharga. Dengan demikian, mereka merasa tekanan batin\r\n    yang ajek untuk tetap seimbang dan teratur, tidak memerlukan banyak keakraban atau dukungan pribadi, dan di atas semua, untuk terus – menerus bekerja dalam\r\n    efisiensi yang maksimum. Kecuali Anda mengenali Tri dengan baik, Anda tidak akan pernah menduga tingkat kerentanan dan kerisauan emosional yang mereka\r\n    sembunyikan di bawah permukaan mereka yang halus dan efisien. Faktanya adalah, meskipun kenyamanan sosial Tri yang tampak jelas, ada kesepian yang besar\r\n    dan keyakinan bahwa mereka tidak harus membutuhkan bantuan atau dukungan. Sebisa mungkin, Tri mencoba untuk menghindari perasaan malu dan terasing mereka,\r\n    tetapi sebagian besar dari pertumbuhan mereka perlu memungkinkan perasaan ini muncul dan memadu dalam diri “pekerja” mereka.\r\n</p>\r\n<p align="center">\r\n    <strong>Tri dengan sayap Dwi</strong>\r\n</p>\r\n<p>\r\n    Tri dengan sayap ini seringkali sangat suka bergaul. Mereka memiliki kecenderungan persona, memainkan peran mereka dalam kehidupan nyata. Tanggapan, gengsi\r\n    dan pengakuan sosial itu penting. Tri yang sehat memberi kehangatan pribadi, kualitas kepemimpinan. Keinginan yang tulus untuk melakukan yang terbaik untuk\r\n    orang lain, mungkin benar – benar orang yang baik. Jika mereka telah mencapai suatu ukuran keberhasilan, mereka murah hati dalam pembimbingan mereka\r\n    terhadap orang lain. Bila agak terganggu, mereka sibuk dengan tampak ideal untuk orang lain. Hal ini dapat menyebar dalam bidang persahabatan, keluarga,\r\n    serta di tempat kerja. Ingin tampak seperti pasangan, teman, orang tua, karyawan, serta putra atau putri yang sempurna. Fokus sosial yang kuat karena\r\n    mereka membutuhkan banyak validasi dari orang lain. Kemungkinan bersolek dan berperilaku sombong. Semburan egoisme. Ingin berada di atas, lebih baik\r\n    daripada yang lain. Mudah tergelincir menjadi sosok peniru, mungkin memalsukan perasaan dan tidak menyadarinya. Pengakuan emosi yang dalam telah hilang.\r\n    Kemungkinan bersikap menipu yang berbahaya dan disengaja. Perilaku tukang tipu dan sosiopat.\r\n</p>\r\n<p align="center">\r\n    <strong>Tri dengan sayap Catur</strong>\r\n</p>\r\n<p>\r\n    Tri dengan sayap ini agak kurang sadar akan citra diri atau jika tidak memproyeksikan citra yang lebih tersembunyi dan halus. Sayap Catur membawa tingkat\r\n    introversi. Mungkin lebih mengukur diri melalui kreasi mereka, baik kesenian atau sosial. Cenderung untuk bersaing dengan diri mereka sendiri lebih\r\n    daripada orang lain. Sisi sehatnya membawa motivasi dan kemampuan untuk bekerja secara mandiri. Dapat mencapai segala sesuatu yang mereka tetapkan untuk\r\n    dilakukan secara materiil, lalu memulai menyusuri jalan analisis diri. Mungkin melakukan penjelajahan artistik atau mengajar. Tetap menyukai tantangan,\r\n    tetapi urusan intuitif atau maunsiawi yang bijaksana menjadi kepentingan utama. Agak terganggu, sayap ini bisa membawa kualitas diri yang tersiksa dan\r\n    menghantui ataupun sikap megah – megahan yang berdaya saing nan angkuh. Mungkin sok atau menuding pengkritik terlalu kampungan untuk menghargai mereka.\r\n    Cangkang yang dingin dan keras. Secara pribadi, dapat terjerumus dalam keraguan diri dan sensasi sandiwara Catur. Ketidakstabilan dan kemurungan dapat\r\n    menjadi faktor. Sifat muluk yang tidak realistis.\r\n</p>\r\n<p align="center">\r\n    <strong>Pengembangan diri Tri</strong>\r\n</p>\r\n<p>\r\n    Tri berkembang dengan mengakui bahwa mereka tidak perlu memisahkan pekerjaan dan tugas mereka dari perasaan mereka. Tri percaya bahwa mereka akan kurang\r\n    efektif dan cakap jika mereka membiarkan perasaan mereka menyeruak masuk. Dengan demikian, mereka menunggu sampai mereka selesai dengan tugas – tugas\r\n    mereka sebelum mereka memperhatikan emosi mereka. Meskipun demikian, emosi mereka selalu beroperasi, bahkan jika secara tidak sadar. Dan jika Tri\r\n    mengabaikannya terlalu lama, emosi – emosi tersebut mulai membuat daya guna mereka jauh lebih sulit. Oleh sebab itu, pertumbuhan bagi Tri adalah perlunya\r\n    rehat sejenak saat bekerja dan secara aktif memeriksa perasaan mereka. Ketika sudah selaras dengan hati mereka, dan menjadi lebih sadar kehidupan batin\r\n    mereka, Tri memperoleh kebahagiaan dan kepuasan yang jauh lebih besar dari pekerjaan dan hubungan mereka.\r\n</p>\r\n<p>\r\n    · Untuk pengembangan yang sesungguhnya, adalah penting untuk bersikap jujur. Jujurlah dengan diri sendiri dan orang lain tentang perasaan dan keinginan\r\n    anda yang tulus. Demikian pula, tahanlah godaan untuk mengesankan orang lain atau memperbesar kaliber Anda. Anda akan mengesankan orang lebih dalam dengan\r\n    menjadi otentik daripada membual tentang keberhasilan atau melebih – lebihkan prestasi Anda.\r\n</p>\r\n<p>\r\n    · Kembangkanlah kemurahan hati dan kerja sama dalam hubungan Anda. Anda dapat melakukan ini dengan menyempatkan waktu untuk rehat sejenak di hari yang\r\n    sibuk untuk benar – benar terhubung dengan seseorang yang Anda pedulikan. Tidak perlu hal yang menakjubkan, cuma beberapa saat untuk penghargaan yang\r\n    sunyi. Ketika Anda melakukannya, Anda akan menjadi orang yang lebih mencintai, teman yang lebih, dan individu yang sangat diinginkan. Anda akan merasa\r\n    lebih baik mengenai diri Anda.\r\n</p>\r\n<p>\r\n    · Beristirahatlah. Anda dapat mendorong diri Anda dan orang lain sampai kelelahan dengan pengejaran tanpa henti menuju tujuan Anda. Ambisi dan pengembangan\r\n    diri adalah kualitas yang baik, tapi lunakkan mereka dengan waktu istirahat di mana Anda berhubungan kembali dengan lebih dalam pada diri sendiri. Kadang –\r\n    kadang mengambil 3 hingga 5 nafas dalam – dalam cukup untuk mengisi ulang baterai Anda dan meningkatkan sikap Anda.\r\n</p>\r\n<p>\r\n    · Kembangkanlah kesadaran sosial Anda. Banyak dari Tri yang telah berkembang pesat dengan terlibat dalam proyek – proyek yang tidak ada hubungannya dengan\r\n    kemajuan pribadi mereka sendiri. Bekerja sama dengan orang lain menuju tujuan yang melampaui kepentingan pribadi merupakan cara ampuh untuk menemukan nilai\r\n    dan identitas diri Anda yang sebenarnya.\r\n</p>\r\n<p>\r\n    Berdasarkan keinginan mereka untuk diterima orang lain, beberapa Tri menyesuaikan diri secara berlebihan dengan harapan orang lain sehingga mereka\r\n    kehilangan kontak dengan apa yang mereka benar – benar rasakan terhadap situasi. Kembangkanlah diri Anda dengan menolak melakukan apa yang pantas hanya\r\n    untuk ingin diterima. Sangat penting bahwa Anda menyempatkan waktu dalam menemukan nilai – nilai utama Anda sendiri.\r\n</p>'),
(4, 'assets/img/tipe/type4.jpg', 'Tipe 4 (Catur)', '<p>\r\n    Catur mencontohkan pribadi yang berkeinginan untuk menjadi diri sendiri, dikenal karena siapa diri yang sebenarnya, dan mengetahui kedalaman hati. Dari\r\n    semua tipe, Catur adalah tipe yang paling menyadari keadaan emosi mereka sendiri. Mereka merasakan ketika mereka merasa kesal, cemas, tertarik kepada orang\r\n    lain, atau beberapa kombinasi perasaan yang lebih halus lainnya. Mereka memperhatikan perubahan emosi mereka yang berbeda dan mencoba untuk menentukan apa\r\n    yang perasaan mereka beritahukan tentang diri mereka sendiri, orang lain, dan dunia mereka. Ketika Catur lebih seimbang, penyesuaian diri mereka yang halus\r\n    pada batin mereka memungkinkan mereka untuk menemukan kebenaran yang mendalam tentang sifat manusia, menjadi saksi belas kasih terhadap penderitaan orang\r\n    lain, atau menjadi jujur dengan diri mereka sendiri tentang niat mereka. Ketika mereka kurang seimbang, mereka dapat tersesat dalam perasaan mereka, sibuk\r\n    dengan reaksi emosional, kenangan, dan fantasi, baik negatif maupun positif.\r\n</p>\r\n<p>\r\n    Di permukaan, Catur bisa menderita keraguan diri kronis dan kepekaan yang luar biasa untuk reaksi orang lain terhadap mereka. Tetapi bagian dari alasan ini\r\n    adalah bahwa Catur sering memendam rahasia, citra batin yang mereka anggap dapat menjadi. Mereka memiliki gagasan tentang macam orang yang mereka ingin\r\n    menjadi, seperti tipe orang yang berbakat secara fantastis, mahir secara sosial dan sangat diinginkan. Singkatnya, Catur mulai meyakini bahwa jika mereka\r\n    entah bagaimana berbeda dari siapa mereka sebenarnya, mereka akan dipandang dan dicintai. Sayangnya, mereka terus – menerus membandingkan diri secara\r\n    negatif dengan jati diri mereka yang rahasia dan penuh fantasi ini. Hal ini membuat sangat sulit bagi Catur untuk menghargai banyak kualitas positif sejati\r\n    mereka karena mereka tidak pernah sehebat fantasi mereka. Sebagian besar pertumbuhan untuk para Catur melibatkan pelepasan rahasia diri yang ideal ini\r\n    sehingga mereka dapat melihat dan menghargai diri mereka yang sebenarnya.\r\n</p>\r\n<p align="center">\r\n    <strong>Catur dengan sayap Tri</strong>\r\n</p>\r\n<p>\r\n    Catur dengan sayap ini kadang – kadang dapat tampak seperti Sapta. Mungkin ramah, memiliki rasa humor dan gaya sendiri. Berbakat kreatif dan efektif di\r\n    dunia. Sama – sama intuitif dan ambisius, mungkin memiliki imajinasi yang baik, sering berbakat. Beberapa orang berpakaian dengan berwarna – warni dan\r\n    mewah, membuat kesan yang berbeda. Pengetahuan diri digabungkan dengan keterampilan sosial dan organisasi. Ketika agak terganggu, sering memiliki pribadi\r\n    “belahan” umum dan pribadi. Dapat menyembunyikan perasaan di depan umum lalu pulang dengan kesepian. Atau mereka bisa menikmati pekerjaan mereka dan merasa\r\n    tidak puas dalam percintaan. Kecenderungan bersikap bersandiwara dan semarak, perasaan yang sebenarnya sering dapat disembunyikan. Kompetitif, licik,\r\n    menyadari bagaimana mereka dipandang. Beberapa memiliki selera buruk. Mungkin plin – plan dalam percintaan, tertarik pada citra romantis yang mereka telah\r\n    proyeksikan ke orang lain. Bisa memiliki pasangan yang membosankan, maka berfantasi tentang orang asing yang glamor. Prestasi dapat tercemar oleh rasa\r\n    cemburu, dendam, atau keinginan untuk membuktikan orang – orang bahwa mereka salah.\r\n</p>\r\n<p align="center">\r\n    <strong>Catur dengan sayap Panca</strong>\r\n</p>\r\n<p>\r\n    <strong> </strong>\r\n    Catur dengan sayap ini memiliki kreativitas yang rumit dan tersendiri. Mungkin agak intelektual tapi memiliki kedalaman perasaan dan wawasan yang luar\r\n    biasa. Orang yang hampir tiada duanya, asli dan istimewa. Memiliki keterbukaan spiritual dan estetika. Akan menemukan beberapa tingkat makna pada\r\n    kebanyakan peristiwa. Mungkin memiliki kebutuhan yang kuat dan kemampuan untuk mencurahkan diri menciptakan kreasi seni. Penyendiri, dapat penuh teka –\r\n    teki dan sulit dibaca. Dari luar tertutup dan dari dalam bergaung. Ketika mereka membuka diri bisa tiba – tiba dan sepenuhnya. Ketika terganggu atau\r\n    defensif, dapat dengan mudah merasa terasing dan tertekan. Banyak yang merasa tidak termasuk, menjadi makhluk dari planet lain. Dapat tersesat dalam proses\r\n    mereka sendiri, tenggelam dalam “samudra” sendiri. Cengeng, cenderung merenungkan dan menghidupkan kembali pengalaman masa lalu. Rentan terhadap emosi\r\n    malu. Aura kekecewaan yang kelam dan menarik diri. Dapat hidup dalam mitologi pribadi dari rasa sakit dan kehilangan. Dapat sangat mengerikan dan jatuh\r\n    cinta dengan kematian.\r\n</p>\r\n<p align="center">\r\n    <strong>Pengembangan diri Catur</strong>\r\n</p>\r\n<p>\r\n    Catur berkembang dengan mengakui bahwa walaupun rasa sakit dan kehilangan dari masa lalu memang nyata, tidak perlu untuk tetap “mengunjungi” mereka dalam\r\n    imajinasi. Sebaliknya, melakukan hal tersebut akan terus menarik mereka keluar dari kekayaan dan kedalaman masa kini, satu – satunya waktu dan tempat di\r\n    mana perasaan dan identitas asli mereka yang sebenarnya dapat ditemukan. Catur perlu memahami bahwa menggelorakan perasaan mereka sesungguhnya menempatkan\r\n    mereka lebih jauh dari diri mereka yang paling sahih dan ekspresi diri yang paling sejati.\r\n</p>\r\n<p>\r\n    · Jangan memerhatikan terlalu banyak perasaan Anda, mereka bukan sumber dukungan sejati untuk Anda, seperti yang mungkin Anda ketahui. Ingatlah bahwa salah\r\n    satu kesalahan Catur yang paling penting adalah berusaha menyerupakan diri dengan perasaan mereka. Kesalahannya disini adalah untuk memahami diri, Anda\r\n    harus memahami perasaan Anda, terutama yang negatif, sebelum. bertindak. Anda tidak memahami bahwa diri tidaklah sama dengan perasaan atau bahwa kehadiran\r\n    perasaan negatif tidaklah menghalangi kehadiran perasaan yang baik dalam diri Anda sendiri. Selalu camkan bahwa perasaan Anda memberitahu sesuatu tentang\r\n    diri Anda apa adanya pada saat ini, tidak lebih dari itu.\r\n</p>\r\n<p>\r\n    · Hindari menunda sesuatu sampai Anda dalam suasana hati yang tepat. Berkomitmenlah untuk pekerjaan yang produktif dan berarti yang akan menambahkan\r\n    kebaikan Anda dan orang lain, tidak peduli seberapa kecil sumbangsihnya. Bekerja secara konsisten di dunia nyata akan menciptakan suasana di mana Anda\r\n    dapat menemukan jati diri dan bakat Anda. Sebenarnya, Anda akan bahagia ketika Anda “bekerja”, dimana pada saat itu mengaktifkan potensi dan mewujudkan\r\n    diri sendiri. Anda tidak akan menemukan jati diri dalam kehampaan atau sambil menunggu inspirasi untuk muncul, oleh karena itu berhubunglah dan tetaplah\r\n    demikian-dengan dunia nyata.\r\n</p>\r\n<p>\r\n    · Harga diri dan kepercayaan diri akan berkembang hanya dari memiliki pengalaman positif, entah Anda percaya atau tidak bahwa Anda siap memiliki mereka.\r\n    Oleh karena itu, tempatkanlah diri dalam jalan yang baik. Anda mungkin tidak pernah merasa bahwa Anda siap untuk mengambil tantangan dari beberapa macam,\r\n    bahwa Anda selalu membutuhkan lebih banyak waktu. Anda biasanya tidak pernah merasa bahwa Anda telah “cukup”, tetapi Anda tetap harus memiliki keberanian\r\n    untuk berhenti menunda – nunda hidup anda. Bahkan jika Anda memulai dari yang kecil, berkomitmenlah untuk melakukan sesuatu yang akan memunculkan potensi\r\n    anda di permukaan.\r\n</p>\r\n<p>\r\n    · Sebuah disiplin diri yang bermanfaat mempunyai banyak bentuk, dari jam tidur yang teratur, bekerja secara teratur hingga berolahraga secara teratur, dan\r\n    hal ini memiliki efek yang menguatkan dan menumpuk. Karena berasal dari diri sendiri, disiplin diri yang sehat tidak bertentangan dengan kebebasan atau\r\n    individualitas Anda. Di sisi lain, sensualitas, pengalaman seksual yang berlebihan, alkohol, obat – obatan, tidur berlebihan, atau berfantasi memiliki efek\r\n    yang melemahkan pada Anda, seperti yang Anda telah tahu. Oleh karena itu, latihlah disiplin diri yang sehat dan tetaplah menjaganya.\r\n</p>\r\n<p>\r\n    Hindari percakapan panjang dalam imajinasi Anda, apalagi jika negatif, penuh dendam, atau romantis berlebihan. Percakapan ini pada dasarnya tidak nyata dan\r\n    hanya berguna untuk latihan bertindak, meskipun seperti yang Anda tahu, Anda hampir tidak pernah mengatakan atau melakukan apa yang Anda bayangkan.\r\n    Daripada menghabiskan waktu membayangkan hidup dan hubungan Anda, mulailah hidupi mereka.\r\n</p>'),
(5, 'assets/img/tipe/type5.jpg', 'Tipe 5 (Panca)', '<p>\r\n    Panca mencontohkan pribadi yang berkeinginan untuk memahami, melihat jauh di balik permukaan suatu hal, dan memperoleh wawasan yang lebih dalam tentang\r\n    kenyataan. Panca lebih memilih “kehidupan” pikiran, baik sebagai cara untuk memahami dunia maupun tempat yang memberikan kekuatan imajinasi tak terbatas,\r\n    sebagai cara melarikan diri dari aspek realita. Tidaklah berlebihan jika dikatakan bahwa bagi banyak Panca, dunia batin dari pikiran dan imajinasi terasa\r\n    lebih nyata dan jelas dari dunia luar. Panca cenderung mengalami pengalaman dan kemudian menghabiskan berjam – jam, hari, bahkan tahun demi memahaminya dan\r\n    hubungannya yang lebih luas. Panca juga sangat inovatif dan inventif. Mereka suka menggerumit, bermain dengan konsep dan “menjungkirbalikkan” cara – cara\r\n    lazim dalam melakukan sesuatu. Hal ini dapat menghasilkan karya dan penemuan yang sangat berharga, praktis, serta sahih ataupun cuma menghibur mereka\r\n    selama berjam – jam tanpa hasil praktis.\r\n</p>\r\n<p>\r\n    Hari demi hari, Panca yang mahir secara sosial mungkin menghabiskan lebih banyak waktu dengan diri mereka sendiri daripada tipe lainnya. Meskipun demikian,\r\n    Panca perlu persahabatan dan hubungan selayaknya semua manusia. Masalahnya adalah bahwa Panca takut membutuhkan kasih sayang dan kehangatan orang lain.\r\n    Seolah – olah mereka merasa bahwa meminta sesuatu dari orang lain sama saja mengambil risiko mengenai pembebanan yang lebih besar dari kebebasan dan\r\n    kemerdekaan mereka sendiri. Mereka juga percaya bahwa kebutuhan mereka sendiri begitu kuat, sehingga jika mereka sekali menyatakannya atau bahkan\r\n    mengakuinya, itu akan terlalu berlebihan untuk orang lain. Dalam beberapa kasus, mereka bahkan mungkin percaya bahwa kebutuhan mereka benar – benar akan\r\n    merugikan orang lain. Jauh di lubuk hati, semua Panca benar – benar ingin menemukan seseorang yang aman untuk terhubung, tetapi mereka takut bahwa hal\r\n    tersebut akan berakibat kepada tingkat berapapun dari kecakapan dan kemandirian mereka yang telah mereka capai. Jika Panca yang bermasalah merasa bahwa\r\n    daerah penguasaan atau kemerdekaan mereka kena risiko, mereka mungkin mundur dari suatu hubungan, bahkan jika mereka benar – benar mencintai orang yang\r\n    mereka tinggalkan.\r\n</p>\r\n<p align="center">\r\n    <strong>Panca dengan sayap Catur</strong>\r\n</p>\r\n<p>\r\n    Panca dengan sayap ini memiliki cetakan pemikiran yang abstrak dan intuitif, seolah – olah mereka berpikir dalam bentuk geometris daripada kata – kata atau\r\n    gambar realistis. Perbedaan antara sayap Catur dengan sayap Sas adalah seperti perbedaan antara seni dan ilmu pengetahuan. Mungkin berbakat secara artistik\r\n    dan merupakan “penghuni” suasana hati layaknya Catur. Menggabungkan imajinasi intelektual dan emosional. Menikmati ranah filsafat dan konstruksi pemikiran\r\n    yang indah. Pernikahan perspektif mental dan estetika adalah yang terbaik dari hidup mereka. Ketika lebih terganggu dan defensif mungkin tampak pucat,\r\n    memiliki bisikan dalam suara mereka. Turun naik antara penarikan diri yang tidak memihak dan semburan kepedulian yang ramah. Dapat bersikap ringan dan\r\n    abstrak. Bertindak seperti mereka berada di dalam gelembung, kadang – kadang dengan udara superioritas yang tersirat. Klise dari profesor linglung terutama\r\n    berlaku untuk Panca dengan sayap ini. Peka terhadap lingkungan dan tunduk sewaktu – waktu hingga menindas. Sensitif terhadap kritik. Bisa lambat untuk\r\n    pulih dari peristiwa traumatis. Isolasi yang melankolis dan depresi kehidupan suram adalah perangkap yang mungkin.\r\n</p>\r\n<p align="center">\r\n    <strong>Panca dengan sayap Sas</strong>\r\n</p>\r\n<p>\r\n    <strong> </strong>\r\n    Panca dengan sayap ini membawa orientasi terhadap rincian dan pengetahuan teknis, bersamaan dengan kecenderungan untuk berpikir dalam urutan logis.\r\n    Khususnya intelektual, jauh lebih analitis daripada Panca dengan sayap Catur. Bisa menjadi teman setia, menawarkan dukungan yang kukuh di belakang layar.\r\n    Guru yang baik dan sabar, pakar yang terampil. Mungkin merasa mempunyai misi dan bekerja keras. Kadang – kadang memproyeksikan aura “kutu buku” yang\r\n    sensitif dan memiliki kecakapan sosial yang canggung. Ketika defensif, mereka dapat terkesima dengan harapan orang lain. Mungkin menyukai orang – orang\r\n    akan tetapi lebih menghindari mereka. Utamanya peka terhadap hutang sosial. Dapat mengalami kesulitan mengatakan "terima kasih". Takut mengambil tindakan,\r\n    malahan memiliki kecanduan informasi. Mengajukan banyak pertanyaan tapi pada akhirnya tidak ingin memutuskan. Bila lebih terganggu, mereka mengembangkan\r\n    pengawasan yang mencurigai maksud orang lain, tetapi juga bisa menjadi pengikut buta. Anti orang dan seperti Gober Bebek ketika makin terpojok. Lebih mampu\r\n    menjaga perasaan mereka terpisah dengan cara yang ajek. Dapat menjadi dingin, skeptis, ironis, dan memisahkan diri. Sayap Sasnya dapat fobia atau fobia\r\n    balik. Sayap Sas fobia balik mempunyai keberanian dan sikap anti otoriter. Ketika defensif mereka mungkin mengejek otoritas, atau dengan marah mengusir\r\n    orang lain. Cenderung mencari batas, bereksperimen, menemukan batas – batas yang ada.<strong></strong>\r\n</p>\r\n<p align="center">\r\n    <strong>Pengembangan diri Panca</strong>\r\n</p>\r\n<p>\r\n    <strong> </strong>\r\n    Panca berkembang dengan mengakui bahwa kepercayaan diri yang sejati terletak tidak hanya dalam keahlian intelektual tetapi cara bersikap dalam dunia nyata.\r\n    Panca biasanya menghasilkan kepercayaan diri mereka melalui pengembangan pikiran mereka, tetapi mereka benar – benar perlu membawa keseimbangan jiwa mereka\r\n    dengan mengembangkan hubungan yang lebih dalam dengan tubuh dan perasaan mereka. Pertumbuhan bagi Panca membutuhkan mereka membiarkan diri untuk menyadari\r\n    bagaimana terasingnya mereka dari jiwa mereka yang sebenarnya dan mengakui semua kebutuhan terpendam yang mereka telah tolak sejak usia dini. Panca\r\n    sebenarnya merasakan hal secara mendalam, tetapi mereka sangat menahan diri dalam kemampuan mereka untuk menyatakan perasaan mereka. Mengembangkan\r\n    kepercayaan kepada orang lain, berbagi apa yang mereka alami, serta mengenali perasaan mereka adalah penting bagi mereka untuk berkembang sepenuhnya\r\n    sebagai manusia. Semua ini menjadi lebih mudah ketika Panca memperhatikan tubuh mereka.\r\n</p>\r\n<p>\r\n    · Belajarlah untuk mengetahui saat Anda berpikir dan berspekulasi menarik Anda keluar dari kesegeraan pengalaman Anda. Kapasitas mental Anda dapat menjadi\r\n    karunia yang luar biasa, tetapi juga dapat menjadi perangkap satu – satunya ketika Anda menggunakannya untuk mundur dari kontak dengan diri sendiri dan\r\n    orang lain. Tetaplah terhubung dengan fisik Anda.\r\n</p>\r\n<p>\r\n    · Anda cenderung begitu serius dan gugup sehingga Anda merasa sulit untuk beristirahat dan bersantai. Berusahalah untuk belajar menenangkan diri dengan\r\n    cara yang sehat, tanpa obat – obatan atau alkohol. Berolahraga atau menggunakan teknik relaksasi akan membantu menyalurkan sebagian energi gugup Anda yang\r\n    luar biasa. Meditasi, lari – lari kecil, yoga, dan menari sangat membantu khususnya untuk tipe Anda.\r\n</p>\r\n<p>\r\n    · Anda melihat banyak kemungkinan tetapi sering tidak tahu bagaimana memilih di antaranya atau menilai mana yang lebih atau kurang penting. Ketika Anda\r\n    terjebak dalam fiksasi Anda, sudut pandang bisa hilang, dan dengan itu pula hilang kemampuan untuk membuat penilaian yang akurat. Pada saat seperti itu,\r\n    akan membantu Anda untuk menerima nasihat dari seseorang yang Anda percayai penilaiannya sementara Anda memperoleh lagi sudut pandang tentang situasi Anda.\r\n    Melakukan hal ini juga dapat membantu Anda mempercayai orang lain, hal yang sulit untuk tipe Anda.\r\n</p>\r\n<p>\r\n    · Perhatikan ketika Anda terlalu bersemangat terlibat dalam proyek – proyek yang tidak terlalu mendukung harga diri, kepercayaan diri, atau situasi\r\n    kehidupan Anda. Memang memungkinkan untuk mengikuti berbagai mata pelajaran, permainan dan hiburan yang menarik, tetapi mereka dapat menjadi gangguan besar\r\n    dari apa yang Anda tahu untuk perlu lakukan. Tindakan tegas akan memberikan lebih banyak percaya diri daripada mempelajari lebih banyak fakta atau\r\n    memperoleh keterampilan yang tidak terlalu berhubungan.\r\n</p>\r\n<p>\r\n    Anda cenderung merasa sulit untuk mempercayai orang, membuka diri terhadap mereka secara emosional, atau membuat diri mereka dapat didekati dengan berbagai\r\n    cara. Kesadaran mereka tentang potensi masalah dalam hubungan mungkin cenderung membuat “ramalan sendiri” menjadi nyata. Penting untuk dicamkan bahwa\r\n    memiliki konflik dengan orang lain adalah hal yang biasa dan bahwa hal yang sehat adalah menyelesaikannya daripada menolak kasih sayang dari orang – orang\r\n    dengan menarik diri dalam pengasingan. Memiliki satu atau dua teman akrab yang Anda cukup percayai untuk membuat konflik akan sangat memperkaya hidup Anda.\r\n</p>');
INSERT INTO `tb_macamtipe` (`id`, `gambar`, `judul`, `keterangan`) VALUES
(6, 'assets/img/tipe/type6.jpg', 'Tipe 6 (Sas)', '<p>\r\n    Sas mencontohkan pribadi yang berkeinginan untuk membuat lingkungan yang mantap dan aman, bekerja sama untuk mewujudkan sesuatu dengan orang lain, dan\r\n    mempunyai persiapan yang cukup untuk berbagai kesulitan yang hidup sajikan. Sas adalah pribadi yang teliti, disiplin, dan tekun. Mereka hebat dengan\r\n    rincian, dan mereka memiliki bakat untuk melihat potensi masalah dan menangani mereka sebelum masalah tersebut tidak dapat diatasi. Mereka mengatur sumber\r\n    daya, memprioritaskan tugas – tugas, dan memahami proyek. Sas belum tentu "orang – orang kelompok", tetapi mereka menyukai perasaan "termasuk" pada suatu\r\n    tempat, menjadi bagian dari sesuatu yang lebih besar dari diri mereka sendiri. Mereka senang menjadi suatu jasa dan benar – benar ingin memberikan\r\n    sumbangsih kepada dunia. Mereka memberi kehandalan, tanggung jawab, kerja keras, dan rasa hormat untuk semua urusan mereka. Mereka mendekati orang lain\r\n    seolah – olah mengatakan, "Saya di sini untuk Anda. Anda dapat mengandalkan saya."\r\n</p>\r\n<p>\r\n    Sas tampak seperti orang yang sangat terorganisir dan bertanggung jawab sehingga sering dapat menyerupai Eka. Namun masalah tersembunyinya adalah bahwa Sas\r\n    mencoba untuk menenangkan kecemasan batin mereka dengan mencoba untuk membuat dunia luar mereka bebas masalah dan dapat diprediksi. Tentu saja, ini\r\n    akhirnya tugas yang mustahil, tetapi Sas biasanya masih bertahan dalam upaya untuk membuat dunia mereka aman dari bahaya dan kecelakaan. Sumber nyata dari\r\n    kecemasan seorang Sas adalah dalam diri dan diabadikan oleh pikiran mereka yang terus – menerus bolak – balik. Singkatnya, Sas tidak bisa berhenti menebak\r\n    – nebak diri, meragukan apa yang mereka ketahui dan merundingkan jumlah ke "komite batin" dari suara yang sebaliknya. “Apakah saya mendapatkan tagihan\r\n    listrik pagi ini? Ya. Saya kira begitu. Oke. Tapi apa yang saya lupakan... Oh ya! Aku seharusnya menelepon Maggie tentang makan siang besok. Dia akan\r\n    menjadi sangat marah dengan saya. Haruskah Aku meneleponnya sekarang atau itu terlambat?". Dengan pikiran mereka berputar dalam keadaan sangat waspada,\r\n    hampir tidak mungkin bagi Sas untuk bersantai sehingga mereka dapat melihat dengan jelas bagaimana untuk menghadapi tantangan yang sebenarnya mereka perlu\r\n    selesaikan pada tiap saat. Apa yang Sas sebenarnya butuhkan adalah ketenangan batin yang lebih. Mereka perlu untuk menumbuhkan rasa damai dan ketenangan\r\n    batin yang akan memungkinkan mereka untuk melihat dan menghadapi kenyataan dengan lebih jelas.\r\n</p>\r\n<p align="center">\r\n    <strong>Sas dengan sayap Panca</strong>\r\n</p>\r\n<p>\r\n    Sas dengan sayap ini umumnya introvert dan agak intelektual. Ketika sehat, mereka sering memiliki banyak ranah kesukaan serta kecakapan dan keterampilan\r\n    yang mengejutkan. Mungkin memiliki sudut pandang yang sahih dan istimewa. Bisa jadi kutu buku, beberapa tertarik dengan sejarah atau merasa “tertanam” di\r\n    masa lalu atau yang berkaitan dengan tradisi panjang. Juga pandai memprediksi masa depan. Dapat menguji teman potensial untuk waktu yang lama tetapi sekali\r\n    masuk, mereka masuk menjadi teman seumur hidup. Bila lebih terganggu, mereka mungkin sengaja memproyeksikan keterpencilan. Memiliki kualitas seperti puncak\r\n    gunung es, mereka menunjukkan sedikit tetapi Anda merasakan dimensi, intensitas dan aktivitas tersembunyi. Ketegangan antara perlu dilihat dan menarik diri\r\n    untuk perlindungan. Mungkin bertindak sombong, tersembunyi atau sinis ketika takut. Ketika fobia, dapat bersikap diplomatik dan menyiratkan hal – hal tanpa\r\n    mengatakan mereka. Fobia balik yang terganggu entah dingin dan penyendiri atau argumentatif, cenderung ke arah kekerasan. Dapat merenungkan ketidakadilan\r\n    kepada mereka, menyuguhkan teori konspirasi, menghabiskan waktu sendirian membangun kasus. Paranoia secara pribadi. Mungkin menyukai kegiatan kelompok\r\n    rahasia di balik layar. Dendam yang licik, pasif agresif terhadap orang lain, menyerang dan merusak diri sendiri.\r\n</p>\r\n<p align="center">\r\n    <strong>Sas dengan sayap Sapta</strong>\r\n</p>\r\n<p>\r\n    <strong> </strong>\r\n    Sas dengan sayap ini umumnya ramah dan mungkin tampak lebih terang – terangan gugup. Lebih jelas ingin disukai dan akan mengejar orang lain, berbeda dengan\r\n    sayap Panca yang menarik diri. Bisa menarik, ramah, dan manis. Memiliki tempo yang lebih cepat, hubungan kuat kepada Tri. Mempunyai kehangatan pribadi dan\r\n    memelihara diri. Dapat memiliki dorongan yang ceria dan ke depan serta dapat mencairkan suasana. Menonjolkan diri, ramah dan penasaran. Bila lebih\r\n    terganggu, mungkin bertentangan dengan diri sendiri, tampak seolah – olah mereka ingin dua hal sekaligus. Kadang – kadang menguji orang lain terang –\r\n    terangan, membuat seseorang menggila dengan pesan campuran. Mungkin sulit untuk menyimak apa yang mereka katakan. Ketika terancam, salah satu pertahanannya\r\n    adalah tidak mudah merasa senang. Ketika fobia balik, mereka cenderung menuding. Beberapa terjebak dalam rencana besar yang mereka harapkan akan\r\n    menghasilkan keamanan materiil. Bisa juga merasa tidak aman, mudah marah, picik, tidak rasional dan tukang kacau. Tunduk pada perubahan suasana hati,\r\n    rendah diri yang berlebihan, rasa takut melarikan diri. Mungkin memiliki kepekaan yang sangat tinggi mengenai paranoia. Dengan salah menuduh orang lain dan\r\n    kemudian tampaknya tidak menyadarinya. Kadang – kadang mereka memohon untuk diperhatikan. Kadang – kadang membela diri secara konservatif dalam gaya hidup\r\n    mereka. Beberapa kesulitan dengan nafsu makan.<strong></strong>\r\n</p>\r\n<p align="center">\r\n    <strong>Pengembangan diri Sas</strong>\r\n</p>\r\n<p>\r\n    <strong> </strong>\r\n    Sas berkembang dengan mengakui bahwa satu – satunya keamanan sejati dalam kehidupan berasal dari dalam diri. Meskipun kita dapat bekerja keras untuk\r\n    membangun susunan keuangan kita, menemukan teman – teman dan mitra yang tepat, dan meramalkan setiap kesalahan yang mungkin terjadi, pada akhirnya tidak\r\n    satu pun dari struktur luar yang kita manfaatkan untuk memberikan kepercayaan diri akan selalu berhasil untuk kita. Hal – hal dapat terjadi di luar\r\n    perkiraan, dan dukungan yang kita selalu andalkan pasti akan berubah. Oleh karena itu, pertumbuhan bagi Sas adalah perlunya menemukan dukungan dari\r\n    pengetahuan diri mereka. Hal ini termasuk menemukan tempat di dalam diri mereka yang tenang, kuat, dan mampu. Tapi ini tidak dapat terjadi dengan\r\n    sendirinya. Menemukan sumber daya batin membutuhkan waktu dan tenaga, meskipun untungnya, Sas memahami kegunaan ketekunan dan pengabdian. Sas akan tahu\r\n    secara langsung nilai dari menemukan sumber daya mereka ketika mereka menyempatkan waktu untuk mengistirahatkan kewaspadaan ajek mereka dan menemukan iman\r\n    dalam diri mereka.\r\n</p>\r\n<p>\r\n    · Ingatlah bahwa tiada yang aneh tentang menjadi cemas karena semua orang punya rasa cemas, dan jauh lebih sering daripada yang Anda kira. Belajarlah untuk\r\n    menjadi lebih menyadari kecemasan Anda, menjelajahinya, dan untuk berdamai dengannya. Tanganilah secara kreatif ketegangan Anda tanpa beralih ke alkohol\r\n    yang berlebihan (atau obatan lain) untuk menenangkan mereka. Bahkan, jika Anda sadar dan menarik napas dalam – dalam, kecemasan dapat menjadi energi,\r\n    semacam “obat kuat” yang dapat membantu membuat Anda lebih produktif dan menyadari apa yang Anda lakukan.<strong></strong>\r\n</p>\r\n<p>\r\n    · Anda cenderung gelisah dan mudah tersinggung ketika Anda kesal atau marah, dan bahkan dapat berbalik kepada orang lain dan menyalahkan mereka untuk hal –\r\n    hal yang Anda lakukan atau akibatkan sendiri. Sadarilah rasa pesimisme Anda, yang menyebabkan suasana hati yang gelap dan pola pikir negatif yang Anda\r\n    cenderung untuk proyeksikan kepada kenyataan. Ketika Anda menyerah pada keraguan diri ini, Anda bisa menjadi musuh terburuk diri Anda sendiri dan dapat\r\n    membahayakan diri Anda lebih dari orang lain.<strong></strong>\r\n</p>\r\n<p>\r\n    · Anda cenderung bereaksi berlebihan ketika berada dalam tekanan dan merasa cemas. Belajarlah untuk mengenali apa yang membuat Anda bereaksi berlebihan.\r\n    Sadari juga bahwa hampir tidak ada hal – hal yang Anda begitu takutkan pada akhirnya menjadi kenyataan. Bahkan meskipun hal – hal seburuk yang Anda\r\n    pikirkan, pikiran menakutkan Anda melemahkan Anda dan kemampuan Anda untuk mengubah keadaan menjadi lebih baik. Anda tidak dapat selalu menangani peristiwa\r\n    luar, namun Anda dapat mengatur pikiran Anda sendiri.<strong></strong>\r\n</p>\r\n<p>\r\n    · Berusahalah untuk lebih mempercayai. Pasti ada beberapa orang yang tidak perlu diragukan lagi dalam hidup Anda untuk dimintai bantuan, yang peduli\r\n    terhadap Anda dan yang dapat dipercaya. Jika tidak, berusahalah untuk menemukan seseorang yang pantas dipercaya, dan biarkan diri Anda untuk mendekati\r\n    orang itu. Ini berarti berisiko penolakan dan mengaduk – aduk beberapa ketakutan terdalam Anda, tetapi risikonya pantas dicoba. Anda memiliki karunia untuk\r\n    membuat orang menyukai Anda, tetapi Anda tidak percaya diri dan mungkin takut membuat komitmen terhadap mereka. Oleh karena itu, perjelaslah dimana sisi\r\n    anda dalam hubungan Anda. Biarkan orang tahu bagaimana perasaan Anda tentang mereka.<strong></strong>\r\n</p>\r\n<p>\r\n    Orang lain mungkin berprasangka baik lebih dari yang Anda sadari, dan hanya sedikit orang yang benar - benar berusaha menggapai Anda. Bahkan, ketakutan\r\n    Anda memberitahu lebih banyak tentang sikap Anda terhadap orang lain daripada menunjukkan tentang sikap orang lain terhadap Anda.\r\n</p>'),
(7, 'assets/img/tipe/type7.jpg', 'Tipe 7 (Sapta)', '<p>\r\n    Sapta mencontohkan pribadi yang berkeinginan untuk suatu kebebasan dan keragaman serta menjelajahi banyak pengalaman kaya yang ditawarkan oleh hidup.\r\n    Dengan demikian, Sapta mungkin tipe yang paling antusias, ekstrovert, dan ramah dari Enneagram. Mereka spontan dan optimis, merasakan kehidupan itu\r\n    menggembirakan. Mereka adalah jenis orang yang menjadikan hidup biasa menjadi sebuah perayaan. Sapta ingin mengisi kalender mereka dengan hal – hal yang\r\n    harus dilakukan. Setelah bekerja, minum sebentar, kemudian pergi untuk makan malam dan ke teater, yang mungkin dilanjutkan dengan minum lagi sebelum pulang\r\n    pukul 2 pagi. Malam berikutnya mungkin melibatkan simfoni, permainan bola, bernyanyi dalam paduan suara lokal, atau berkunjung ke restoran baru. Sapta yang\r\n    tidak tinggal di kota – kota besar atau yang tidak memiliki cukup uang untuk gaya hidup yang beragam itu mungkin harus menyesuaikan diri dengan kurangnya\r\n    kemewahan. Tetapi mereka masih mencari pengalaman beragam dan terus menerus, entah itu pergi ke mall atau ke menonton film, berbincang di telepon dengan\r\n    teman – teman, nongkrong di bar, atau bolak – balik membaca majalah dan melamun tentang liburan. Sapta berusaha untuk tetap terjaga dengan apa yang baru,\r\n    dan pengalaman mereka yang luas membuat mereka sumber informasi untuk orang lain juga. Mereka tahu yang mana restoran Italia, atau anggur, atau perhiasan\r\n    yang terbaik. Mereka tahu film baru apa yang pantas dilihat dan berita serta tren terbaru.\r\n</p>\r\n<p>\r\n    Dari luar permukaan, Sapta ingin meyakinkan diri mereka sendiri dan orang lain bahwa mereka selalu merasa "luar biasa", menikmati saat – saat dari hidup\r\n    mereka. Tentu saja, kebenaran seringkali agak berbeda. Sapta, sama seperti manusia lainnya, rentan terhadap kecemasan, kemurungan, kesepian, dan perasaan\r\n    yang sulit lainnya. Kadang – kadang, Sapta dengan tulus ingin memberitahu orang lain bagaimana perasaan mereka sebenarnya, tetapi mereka sering merasa\r\n    terdorong untuk menjaga semangat tetap tinggi, bahkan jika secara pribadi mereka sengsara sendiri. Namun mereka juga berjuang dengan ketakutan tidak\r\n    dianggap serius dan merasa bahwa orang lain akan salah menafsirkan pendekatan positif mereka untuk hidup sebagai kurangnya perasaan atau kedalaman. Secara\r\n    pribadi, Sapta berjuang dengan kesepian, kesedihan, dan keraguan diri dan adalah sama rentannya terhadap depresi seperti tipe lain. Paling utama, Sapta\r\n    takut perasaan yang menggerogoti bahwa mereka tidak akan pernah benar – benar mendapatkan apa yang mereka inginkan dalam hidup. Oleh sebab itu, mereka\r\n    mencari kesenangan lain yang mereka harapkan akan membuat mereka cukup senang, atau setidaknya teralihkan, dari kekecewaan yang lebih menyakitkan dalam\r\n    hidup mereka.\r\n</p>\r\n<p align="center">\r\n    <strong>Sapta dengan sayap Sas</strong>\r\n</p>\r\n<p>\r\n    Sapta dengan sayap ini bertanggung jawab, setia, pantas dicintai, gugup dan lucu. Mereka umumnya lebih berorientasi pada hubungan dan ingin diterima oleh\r\n    orang lain. Dapat stabil, lebih bersedia untuk tetap dengan komitmen, sayap Sas memberikan rasa waktu yang lebih lama. Biasanya lucu atau menikmati tawa,\r\n    jumlah komedian yang menakjubkan adalah Sapta dengan sayap Sas. Lebih rentan karena terbuja, memiliki kemanisan yang lembut dan tak tertutup. Beberapa\r\n    mengalami kesulitan menyatakan kemarahan bahkan ketika itu dibenarkan. Mungkin menghindari atau menyiasati otoritas tetapi masih sadar akan hal itu seperti\r\n    Sas. Lihai dan praktis, mereka mencari penawaran dan celah. Bila lebih terganggu, mungkin memiliki episode kejutan kepekaan dan rasa tidak aman. Kadang\r\n    perasaan mereka dapat dengan mudah terluka. Sensitif terutama untuk perbandingan. Mungkin menghindari menempatkan diri dalam suatu ujian. Tumbuh bergantung\r\n    dan kecanduan terhadap orang lain, takut sendirian, curiga dan gugup. Dapat merasa bersalah dengan mudah, mungkin memproyeksikan hati nurani mereka ke\r\n    orang lain dan kemudian bertindak tanpa tanggung jawab. Membuat diri mereka dangkal, jatuh dan keluar dari cinta dengan mudah. Kadang – kadang dengan\r\n    santai mengkhianati orang lain sembari melarikan diri. Bisa sembrono, tidak stabil, dan merusak diri sendiri. Ketika Sapta memiliki sayap Sas fobia balik,\r\n    idealisme mereka dapat memotivasi keinginan yang tulus untuk reformasi sosial. Mungkin akan bekerja keras untuk suatu tujuan. Bisa anti otoritas, pasif\r\n    agresif, sembrono, menantang. Beberapa benci untuk diberitahu apa yang harus dilakukan. Mungkin bentrokan dengan Eka. Dapat memanggil kesulitan pada diri\r\n    sendiri. Mengeluh tentang keadaan saat ini. Ranah pemberontakan para hippi.\r\n</p>\r\n<p align="center">\r\n    <strong>Sapta dengan sayap Hasta</strong>\r\n</p>\r\n<p>\r\n    <strong> </strong>\r\n    Sapta dengan sayap ini sering bermurah hati, suka berteman dan meluas. Cenderung sangat setia kepada teman – teman mereka, terutama orientasi sosial.\r\n    Terjun dengan agresif untuk membela orang – orang yang mereka peduli. Mungkin tampak keras atau riuh meskipun beberapa sopan dan cerdas. Menikmati perayaan\r\n    sosial, dongeng, lelucon, makanan dan wisata. Umumnya memiliki rasa percaya diri yang kuat untuk hal duniawi dan mendapatkan apa yang mereka inginkan.\r\n    Berbakat untuk menciptakan sesuatu dari ketiadaan, seperti kewirausahaan. Biasanya berbagi apa yang mereka miliki saat sehat, ingin semua orang menikmati\r\n    rasa karunia dan berbagai kepentingan. Bila lebih terganggu, mereka mungkin menuntut, menampilkan ketidaksabaran egois dan narsisme membenarkan diri.\r\n    Mungkin ingin apa yang mereka inginkan sekarang juga. Agresif, tergesa – gesa untuk mendapatkan pilihan uang dan materiil serta pengakuan. Dapat menuntut\r\n    orang – orang dalam kehidupan mereka mengatakan apa yang ia ingin dengar, kebenaran yang dimanisi. Menyerang dengan marah jika kenyataan tidak memenuhi\r\n    harapan mereka, kadang – kadang mendendam. Sering perfeksionis sebagai orang tua, sisi rendah Eka. Menanamkan moralisasi kepada orang lain dan kemudian\r\n    mereka sendiri tidak bertanggung jawab. “Amnesia” untuk janji yang dibuat pada suasana yang meluas. Kesulitan tertentu dengan kesetiaan seksual.\r\n</p>\r\n<p align="center">\r\n    <strong>Pengembangan diri Sapta</strong>\r\n</p>\r\n<p>\r\n    Sapta berkembang dengan mengakui bahwa kebahagiaan sejati tersedia kapan dan dimana saja. Harga tiket masuknya adalah kemauan dan kemampuan untuk tetap\r\n    tenang, masih berada di dalam diri mereka sendiri, dan membuka mata untuk keajaiban dan kekayaan hidup di sekitar mereka. Setelah Sapta memahami hal ini,\r\n    mereka mampu menyerap pengalaman mereka secara mendalam. Mereka menemukan bahwa setiap saat dapat membuat mereka merasa sangat berterima kasih dan\r\n    bersyukur, sungguh terpesona akan keajaiban hidup. Selain itu, keterbukaan dan ketenangan diri mereka membawa mereka semangat hidup jauh di luar kenyataan\r\n    fisik dan spiritual, yang mulai bersinar melalui dunia materiil. Sapta yang sehat memahami bahwa dengan tetap berada di dalam diri, sukacita yang tenang\r\n    mulai menyerap semua kehidupan, kepuasan mendalam yang keberadaanya tidak akan pernah dijauhkan lagi.\r\n</p>\r\n<p>\r\n    · Kenali sifat impulsif Anda, dan cobalah melakukan kebiasaan mengamati dorongan hati Anda daripada menyerah kepada mereka. Hal ini berarti membiarkan\r\n    sebagian dorongan hati Anda berlalu dan menjadi hakim yang lebih baik dari hal mana yang layak dilakukan. Semakin Anda bisa menolak bertindak dari kata\r\n    hati Anda, semakin Anda akan dapat fokus pada apa yang benar – benar baik untuk Anda.\r\n</p>\r\n<p>\r\n    · Belajarlah untuk menyimak orang lain. Mereka seringkali menarik, dan Anda dapat belajar hal – hal yang akan membuka pintu baru untuk Anda. Belajarlah\r\n    juga untuk menghargai keheningan dan kesendirian, Anda tidak perlu mengalihkan perhatian dengan suara yang terus menerus dari televisi atau stereo demi\r\n    melindungi diri dari kecemasan. Dengan belajar untuk hidup dengan stimulasi yang sedikit eksternal, Anda akan belajar untuk mempercaya diri. Anda akan\r\n    lebih bahagia dari yang Anda harapkan karena Anda akan puas dengan apa pun yang Anda lakukan, bahkan jika itu kurang dari yang pernah Anda lakukan.\r\n</p>\r\n<p>\r\n    · Anda tidak harus memiliki segalanya saat ini. Perolehan baru yang menggoda kemungkinan besar masih tersedia besok, yang memang benar untuk makanan,\r\n    minuman, dan kepuasan umum lainnya, seperti es krim. Kebanyakan kesempatan yang baik akan kembali lagi dan Anda akan berada dalam posisi yang lebih baik\r\n    untuk membedakan peluang yang benar – benar yang terbaik untuk Anda.\r\n</p>\r\n<p>\r\n    · Selalulah memilih kualitas daripada kuantitas, terutama dalam pengalaman Anda. Kemampuan untuk memiliki pengalaman kualitas dapat dipelajari hanya dengan\r\n    memberikan perhatian penuh kepada pengalaman yang Anda alami sekarang. Jika Anda terus mengantisipasi pengalaman masa depan, Anda akan tetap kehilangan\r\n    masa yang sekarang dan melemahkan kemungkinan untuk merasa puas.\r\n</p>\r\n<p>\r\n    · Pastikan bahwa apa yang Anda inginkan akan benar – benar baik bagi Anda dalam jangka panjang. Seperti kata pepatah, jaga doa Anda karena doa – doa Anda\r\n    dapat dijawab. Dalam nada yang sama, pikirkanlah tentang konsekuensi jangka panjang dari apa yang Anda inginkan karena Anda mungkin mendapatkannya, hanya\r\n    untuk menemukan bahwa hal itu menjadi kekecewaan lainnya, atau bahkan sumber ketidakbahagiaan.\r\n</p>'),
(8, 'assets/img/tipe/type8.jpg', 'Tipe 8 (Hasta)', '<p>\r\n    Hasta mencontohkan pribadi yang berkeinginan untuk mandiri dan mengurus diri sendiri. Hasta adalah pribadi yang tegas dan bergairah tentang kehidupan,\r\n    menghadapinya secara langsung dengan kepercayaan diri dan kekuatan. Mereka telah belajar untuk membela diri mereka sendiri dan memiliki sikap yang optimis\r\n    dan banyak akal. Mereka bertekad untuk menjadi mandiri dan bebas untuk mengejar nasib mereka sendiri. Dengan demikian, Hasta adalah pemimpin alami, yang\r\n    terhormat, berwibawa, dan tegas, serta aura yang kokoh dan kuat. Mereka mengambil inisiatif dan membuat sesuatu terjadi, melindungi dan menyokong orang –\r\n    orang dalam kehidupan mereka sembari memberdayakan mereka untuk berdiri sendiri. Mereka mewujudkan kekukuhan dan keberanian, menggunakan bakat dan visi\r\n    mereka untuk membangun dunia yang lebih baik bagi semua orang tergantung pada ukuran pengaruhnya.\r\n</p>\r\n<p>\r\n    Hasta menggambarkan citra yang tangguh dan merdeka untuk dunia, tetapi di bawah keberanian dan lapisan baju besi mereka, ada kerentanan dan ketakutan.\r\n    Hasta dipengaruhi oleh reaksi dari orang – orang terdekat mereka jauh lebih banyak dari yang mereka ingin biarkan. Mereka sering berharap bahwa orang lain\r\n    tidak akan menyukai atau menolak mereka, dan sehingga mereka sangat tersentuh, bahkan sentimental, ketika mereka merasa bahwa seseorang yang mereka sayangi\r\n    benar – benar memahami mereka dan mengasihi mereka. Hasta dapat belajar mengeras diri dan tidak ingin atau mengharapkan kelembutan, tetapi mereka tidak\r\n    pernah sepenuhnya berhasil. Tidak peduli betapa kerasnya, bahkan sampai mereka bertengkar, keinginan mereka untuk pengasuhan dan hubungan tidak pernah\r\n    dikeluarkan secara keseluruhan dari kesadaran.\r\n</p>\r\n<p align="center">\r\n    <strong>Hasta dengan sayap Sapta</strong>\r\n</p>\r\n<p>\r\n    Hasta dengan sayap ini sering meluas dan kuat. Suka berteman dan murah hati, mereka akan menampilkan keberanian yang ceria. Bisa jadi memaksa tapi dengan\r\n    sentuhan ringan nan lucu. Seringkali memiliki rasa humor tentang diri mereka sendiri. Umumnya lebih ekstrovert, ambisius dan materialistis. Mungkin\r\n    berbicara nyaring dan menjadi anggota pesta yang sosialis. Kadang – kadang terdorong untuk membuat hal baru menjadi ada. Bisa jadi visioner, idealis dan\r\n    giat. Bersedia mengambil risiko. Mungkin berpikir lebih jelas daripada sayap Nawa, karena sayap Hasta membawa kemampuan intelektual. Bila lebih terganggu,\r\n    agresi digabungkan dengan kerakusan untuk membentuk kecenderungan kecanduan yang hampir mematikan. Banyak memiliki masalah narkoba dan alkohol atau\r\n    ketegangan lainnya di sekitar kecanduan. Rawan temperament yang turun naik, bisa menjadi murung, egosentris, cepat marah. Kecenderungan mencari kekacauan,\r\n    mengembangkan ego diri dengan narsis. Beberapa kejam secara materialistis. Dapat menggunakan orang, menyedot mereka kering. Mungkin meledak atau kasar,\r\n    rawan reaksi berlebihan yang terdistorsi.\r\n</p>\r\n<p align="center">\r\n    <strong>Hasta dengan sayap Nawa</strong>\r\n</p>\r\n<p>\r\n    Hasta dengan sayap ini sering memiliki aura gaib yang tenang, seperti mereka tidak memiliki keraguan diri dalam beberapa dekade. Memanfaatkan wewenang\r\n    mereka, “penguasa” dari segala yang mereka lihat. Mungkin lembut, baik hati, lebih tenang. Seringkali orang tua pelindung dan mendidik, dan teman yang\r\n    mendukung dan stabil. Ramah dan bersahaja, sabar, singkat, umumnya agak introvert. Kadang – kadang mempunyai rasa humor kering atau ironis. Mungkin\r\n    memiliki aura tersirat, kemarahan yang mendidik seperti gunung berapi yang tidur. Lambat meletus tetapi ketika terjadi mendadak dan meledak. Ketika\r\n    terganggu, sayap Nawa membuat mereka semacam mati rasa dalam berperasaan. Mereka tidak dapat menyadari kekuatan kemarahan mereka hingga setelah mereka\r\n    telah menyakiti seseorang. Dengan tenang mendominasi, dingin, mungkin memiliki ketidakpedulian terhadap emosi yanglebih lembut. Jika sangat tidak sehat,\r\n    mereka dapat bersikap kejam tanpa penyesalan atau agresif demi hal yang tidak jelas. Merencanakan akibat paranoid, berpikir kacau, kemalasan moral. Dapat\r\n    mendendam dengan cara disalahpahami, penyalahgunaan orang yang mereka cintai, tidak tahu kapan harus berhenti.\r\n</p>\r\n<p align="center">\r\n    <strong>Pengembangan diri Hasta</strong>\r\n</p>\r\n<p>\r\n    Hasta berkembangan dengan mengakui bahwa dunia bukan medan pertempuran yang harus dipandang sebagai penguji kehendak berukuran raksasa. Mereka tidak harus\r\n    melihat kehidupan sebagai "yang terbaik yang bertahan", sebuah perjuangan raksasa bahwa mereka harus terus-menerus terlibat didalamnya. Mereka tumbuh\r\n    dengan mengakui bahwa usaha mereka untuk menentang dunia dan memaksa segala sesuatu untuk menuruti kehendak mereka adalah akar dari segala masalah mereka.\r\n    Mereka menyadari bahwa setiap kekuatan yang nyata memerlukan kerentanan dan keterbukaan. Mereka juga belajar bahwa mengizinkan lebih banyak keterbukaan\r\n    memungkinkan orang lain untuk lebih dekat dengan mereka dan mendukung mereka dalam cara yang nyata. Hasta tumbuh dengan mengakui bahwa akan lebih banyak\r\n    yang dapat dicapai melalui kerjasama dan kemitraan daripada yang mereka bisa lakukan sendiri atau dengan terus – menerus berjuang memaksakan kehendak\r\n    mereka pada orang lain.\r\n</p>\r\n<p>\r\n    · Memang agak bertentangan, tetapi bertindaklah dengan menahan diri. Anda menunjukkan kekuatan sejati ketika Anda menahan diri dari menyatakan kehendak\r\n    Anda dengan orang lain, meskipun ketika Anda mampu. Kekuatan Anda yang sesungguhnya terletak pada kemampuan Anda untuk menginspirasi dan mengangkat\r\n    semangat orang lain. Anda berada dalam kondisi terbaik Anda ketika Anda mengambil alih dan membantu setiap orang melalui krisis. Beberapa orang akan\r\n    memanfaatkan Anda saat Anda peduli, dan Anda akan berbuat lebih banyak untuk mengamankan kesetiaan dan pengabdian orang lain dengan menunjukkan kebesaran\r\n    hati Anda daripada menunjukkan kekuatan Anda semata – mata.\r\n</p>\r\n<p>\r\n    · Sulit bagi Anda, tetapi belajarlah untuk tunduk pada orang lain, setidaknya untuk waktu tetentu. Seringkali, hanya sedikit yang benar – benar\r\n    dipertaruhkan, dan Anda dapat membiarkan orang lain untuk melakukan cara mereka tanpa takut mengorbankan kekuatan Anda, atau kebutuhan nyata Anda.\r\n    Keinginan untuk mendominasi orang sepanjang waktu adalah tanda bahwa ego Anda mulai mengembang, sinyal bahaya bahwa konflik yang lebih serius dengan orang\r\n    lain tak terelakkan.\r\n</p>\r\n<p>\r\n    · Ingatlah bahwa dunia tidak melawan Anda. Banyak orang dalam hidup Anda peduli tentang Anda dan mengagumi Anda, tetapi ketika Anda berada dalam fiksasi\r\n    Anda, Anda tidak membuat ini mudah bagi mereka. Biarkan masuk kasih sayang yang tersedia. Melakukan hal ini tidak akan membuat Anda lemah, tetapi akan\r\n    mempertegas kekuatan dan dukungan dalam diri Anda dan kehidupan Anda. Ingatlah juga bahwa dengan memyakini orang lain melawan Anda dan bereaksi terhadap\r\n    mereka, Anda cenderung mengasingkan mereka dan mempertegas ketakutan Anda sendiri. Himpunlah orang – orang yang benar – benar berada di sisi Anda, dan\r\n    biarkan mereka tahu betapa pentingnya mereka bagi Anda.\r\n</p>\r\n<p>\r\n    · Anda biasanya ingin menjadi mandiri dan tidak bergantung pada siapa pun. Akan tetapi, ironisnya, Anda malah bergantung pada banyak orang. Misalnya, Anda\r\n    mungkin berpikir bahwa Anda tidak tergantung pada karyawan Anda karena mereka bergantung pada Anda untuk pekerjaan mereka. Anda bisa mengabaikan mereka\r\n    setiap saat dan mempekerjakan pekerja lainnya. Setiap orang dapat dibuang di kerajaan kecil Anda kecuali Anda sendiri. Tetapi kenyataannya adalah bahwa\r\n    Anda bergantung pada orang lain untuk melakukan pekerjaan mereka juga, terutama jika masalah bisnis Anda membesar melampaui apa yang dapat Anda mampu\r\n    kelola sendiri. Tetapi jika Anda mengasingkan semua orang yang berhubungan dengan Anda, Anda akhirnya akan dipaksa untuk mempekerjakan orang – orang yang\r\n    paling membangkang dan tidak dapat dipercaya. Ketika Anda melakukannya, Anda akan memiliki alasan untuk mempertanyakan kesetiaan mereka dan takut\r\n    kehilangan posisi Anda. Faktanya adalah baik di dunia bisnis atau kehidupan rumah tangga Anda, prinsip “saya sendiri sudah cukup” itu sebagian besar ilusi.\r\n</p>\r\n<p>\r\n    Anda biasanya menilai kuasa terlalu tinggi. Memiliki kekuasaan, baik melalui kekayaan, posisi, ataupun kekerasan yang sederhana, memungkinkan Anda untuk\r\n    melakukan apapun yang Anda inginkan, merasa penting, merasa harus ditakuti dan ditaati. Tetapi mereka yang tertarik kepada Anda karena kekuasaan Anda tidak\r\n    mencintai diri Anda sendiri, maupun tidak Anda cintai atau menghormati mereka. Meskipun hal ini mungkin semacam tawar – menawar yang telah Anda buat, Anda\r\n    nantinya tetap harus membayar harga dari kekuatan apa pun yang Anda kumpulkan, secara fisik dan emosional.\r\n</p>'),
(9, 'assets/img/tipe/type9.jpg', 'Tipe 9 (Nawa)', '<p>\r\n    Nawa mencontohkan pribadi yang berkeinginan untuk keutuhan, kedamaian, dan harmoni dalam dunia. Nawa adalah orang yang santai, dengan emosi yang stabil.\r\n    Mereka terbuka dan tetap tenang, mempercayai dan sabar dengan diri mereka sendiri dan orang lain. Keterbukaan mereka memungkinkan mereka untuk merasa\r\n    nyaman dengan kehidupan dan dengan alam. Akibatnya, orang lain pada umumnya merasa mudah untuk berteman dengan mereka. Mereka benar – benar baik hati dan\r\n    bersahaja. Karena sikap damai mereka, Nawa memiliki bakat untuk menghibur dan meyakinkan orang lain serta mampu mengerahkan pengaruh yang menenangkan dan\r\n    menyembuhkan dalam situasi sulit atau tegang. Mereka adalah teman yang stabil dan mendukung, yang dapat mendengarkan tanpa sikap kritis terhadap masalah\r\n    orang lain serta mengajak orang lain bersama – sama dalam waktu menyenangkan. Dalam pengaturan kerja, mereka dapat menjadi penengah yang baik, mampu\r\n    menyelaraskan kelompok dan mengakrabkan orang – orang dengan menyembuhkan perselisihan.\r\n</p>\r\n<p>\r\n    Dari permukaan, Nawa tampaknya merupakan orang – orang yang paling santai dan menyenangkan yang bisa dibayangkan. Mereka mengikuti keinginan orang lain,\r\n    tampaknya tanpa keinginan selain untuk memastikan semua orang nyaman dan bahagia. Tapi sisi tersembunyi mereka adalah bahwa mereka sering menekan kemarahan\r\n    mereka dalam jumlah besar yang mereka sembunyikan bahkan dari diri mereka sendiri. Nawa ingin bergaul dengan orang lain, tetapi mereka juga ingin\r\n    mempertahankan kemerdekaan dan otonomi mereka, mereka tidak ingin diganggu. Sampai mereka merasa mereka tidak dapat melakukan yang kedua tanpa membahayakan\r\n    hubungan mereka dengan orang – orang penting dalam hidup mereka, mereka menjadi marah dan mendendam, meskipun mereka juga merasa bahwa mereka tidak akan\r\n    pernah bisa membiarkan kemarahan ini menyeruak tanpa merusak hubungan mereka. Dengan demikian, untuk Nawa mengembangkan diri dan potensi mereka, mereka\r\n    harus memulai mengatasi kemarahan mereka yang ditekan dan menemukan jalan keluar yang membangun untuk energi ini.\r\n</p>\r\n<p align="center">\r\n    <strong>Nawa dengan sayap Hasta</strong>\r\n</p>\r\n<p>\r\n    <strong> </strong>\r\n    Nawa dengan sayap ini memiliki inti yang sederhana, stabil, dan menerima. Mereka diberi tenaa oleh dinamika Hasta, ketika fokus pada tujuan mereka sering\r\n    memiliki kekuatan kehendak yang besar. Menyelesaikan sesuatu, menjadi pemimpin yang baik. Mungkin memiliki daya tarik hewan yang mereka hanya sadar\r\n    sebagian. Bisa sangat terpusat, menganggap apa yang mereka lakukan dengan serius namun tetap tidak terkesan dengan diri mereka sendiri. Sayap Hasta bisa\r\n    membawa rasa batin arah yang kuat. Relatif tak kenal takut dan sangat intuitif. Umumnya tidak intelektual kecuali mereka memilikinya di latar belakang\r\n    mereka. Bila lebih terganggu, mereka mewujudkan kontradiksi dari dua gaya yang menyatakan mereka secara berurutan. Bisa jadi pasif yang ramah seperti Nawa\r\n    kemudian menjadi tumpul yang mengerikan seperti Hasta. Satu waktu mereka dogmatis atau jahat, saat berikutnya baik dan mendukung. Sering tidak mendengar\r\n    suara mereka ketika marah. Dapat memiliki aura tepi yang tajam dan bergerigi. Mungkin lambat untuk marah dan kemudian meledak. Atau marah tapi tidak tahu\r\n    itu; mungkin membingungkan bersikap tegas dengan bersikap kasar. Dengan tenang tanpa perasaan, keduanya mendukung mati rasa. Tidak memihak dan tanpa\r\n    pandang bulu serta terus terang. Mungkin tanpa disadari tidak setia, menumpahkan rahasia semua orang. Kebingungan seksual, kadang – kadang mereka didorong\r\n    oleh nafsu.<strong></strong>\r\n</p>\r\n<p align="center">\r\n    <strong>Nawa dengan sayap Eka</strong>\r\n</p>\r\n<p>\r\n    Nawa dengan sayap ini cenderung menjadi anak panutan. Secara naluriah bekerja untuk menyenangkan orang tua mereka dengan berbudi luhur, tertib, dan berbuat\r\n    sedikit kesulitan. Ketika sehat, mereka memiliki otoritas moral yang besar ditambah kecenderungan mendamaikan yang baik hati. Sering memiliki rasa misi,\r\n    publik atau tertutup, yang melibatkan bekerja keras untuk kesejahteraan semua orang yang mereka taruh komitmennya. Berprinsip pernyataan kasih sayang.\r\n    Keinginan untuk menyumbang, melakukan sedikit hal yang membahayakan. Mungkin disukai, sederhana, menawan, lembut namun tegas. Beberapa memiliki keanggunan\r\n    dan ketenangan yang besar dengan semburan spontanitas dan kemanisan. Kesederhanaan yang elegan. Ketika terganggu, mereka cenderung lalai diri. Mungkin mati\r\n    secara pasif dan beroperasi dari moralitas yang retak dan meragukan. Berbakti kepada apa yang tidak sepantasnya. Berperan anak yang baik, menghilang ke\r\n    dalam konteks, puas diabaikan atau hanya diakui sebagian. Toleransi pasif akan situasi yang tak masuk akal atau merusak. Hubungan satu sisi dimana Nawa\r\n    memberikan terlalu banyak. Merasionalisasi, meminimalkan, memberitahu diri mereka memiliki masa kecil yang hebat, semuanya baik – baik saja. Mati rasa yang\r\n    tenang merayap di sekujr tubuh mereka. Tidak toleran terhadap emosi mereka sendiri. Secara bertahap menghilangkan jiwa mereka.\r\n</p>\r\n<p align="center">\r\n    <strong>Pengembangan diri Nawa</strong>\r\n</p>\r\n<p>\r\n    <strong> </strong>\r\n    Nawa tumbuh dengan mengakui bahwa semakin banyak mereka mencari ketenangan pikiran dengan berpaling dari konflik dan masalah, semakin besar kemungkinan\r\n    bahwa mereka akan membawa gangguan dalam kehidupan dan hubungan mereka. Sikap menghindari mereka dari pertentangan menyebabkan orang lain untuk memiliki\r\n    konflik dengan mereka. Nawa yang tumbuh harus mengingat bahwa mereka tidak akan pernah bersatu dengan orang lain kecuali dan sampai mereka memiliki\r\n    persatuan dengan diri mereka sendiri. Jika mereka terus menampung, mereka akhirnya akan kehilangan orang lain karena mereka tidak pernah memiliki diri\r\n    sendiri. Ketika mereka belajar bahwa penegasan diri bukanlah tindakan agresif namun hal yang positif, Nawa berada dalam posisi untuk benar – benar membawa\r\n    perdamaian dan harmoni kepada semua orang di lingkungan mereka.\r\n</p>\r\n<p>\r\n    · Perlu untuk memeriksa kecenderungan Anda untuk menuruti orang lain, melakukan apa yang mereka inginkan demi menjaga kedamaian dan bersikap menyenangkan.\r\n    Apakah terus merelakan keinginan orang lain menyediakan jenis hubungan yang benar – benar akan memuaskan Anda? Ingat, tidak mungkin untuk mengasihi orang\r\n    lain jika Anda tidak benar – benar ada untuk mereka. Ini berarti bahwa Anda harus menjadi diri sendiri, bahwa Anda secara paradoks harus mandiri sehingga\r\n    Anda dapat benar – benar berada di sana untuk orang lain ketika mereka membutuhkan Anda.\r\n</p>\r\n<p>\r\n    · Paksakan diri. Desak diri Anda untuk memperhatikan apa yang sedang terjadi. Jangan hanyut atau mengabaikan orang, atau melamun. Berusahalah untuk\r\n    fokuskan perhatian Anda agar menjadi peserta aktif dalam dunia di sekitar Anda. Cobalah untuk lebih terlibat secara mental dan emosional.\r\n</p>\r\n<p>\r\n    · Akuilah bahwa Anda juga memiliki sifat agresif, kecemasan, dan perasaan lain yang Anda harus tangani. Perasaan negatif dan dorongan hati adalah bagian\r\n    dari Anda dan mereka mempengaruhi Anda secara emosional dan fisik, baik Anda mengakui mereka atau tidak. Selain itu, emosi negatif Anda sering dinyatakan\r\n    secara tidak sengaja dan menghambat mulusnya kedamaian dan harmoni yang Anda inginkan dalam hubungan Anda. Cara yang terbaik adalah bersifat terbuka di\r\n    saat pertama, setidaknya dengan memungkinkan diri Anda untuk menyadari perasaan Anda.\r\n</p>\r\n<p>\r\n    · Meskipun ini akan sangat menyakitkan bagi Anda, jika keluarga Anda harus tercerai – berai ataupun mempunyai masalah dengan mereka, Anda harus dengan\r\n    jujur memeriksa bagaimana Anda turut menyumbang sesuatu terhadap masalah ini. Meneliti hubungan yang bermasalah akan sangat sulit karena orang – orang yang\r\n    terlibat telah lekat di hati Anda. Perasaan yang Anda miliki untuk orang lain memberkati Anda dengan identitas dan harga diri Anda. Tetapi jika Anda benar\r\n    – benar mencintai orang lain, Anda paling tidak melakukan pemeriksaan peran yang Anda telah mainkan dalam konflik apapun yang telah muncul. Dalam analisis\r\n    terakhir, pilihannya sederhana, Anda harus mengorbankan ketenangan pikiran Anda dalam jangka pendek untuk kepuasan hubungan sejati dalam jangka panjang.\r\n</p>\r\n<p>\r\n    Seringlah berolahraga untuk lebih menyadari tubuh dan emosi Anda. Anda sering menganggap melakukan tugas kecil – kecilan sudah membuat Anda cukup latihan.\r\n    Olahraga teratur adalah bentuk sehat dari disiplin diri dan akan meningkatkan kesadaran Anda dari perasaan dan sensasi lainnya. Mengembangkan kesadaran\r\n    tubuh akan membantu mengajarkan Anda untuk berkonsentrasi dan memusatkan perhatian Anda dalam bidang lain di kehidupan Anda. Latihan juga merupakan cara\r\n    yang baik untuk berhubungan dan mengungkapkan beberapa rasa agresif.\r\n</p>');

-- --------------------------------------------------------

--
-- Struktur dari tabel `tb_pakar`
--

CREATE TABLE IF NOT EXISTS `tb_pakar` (
  `USERNAME` varchar(50) NOT NULL,
  `PASSWORD` varchar(50) NOT NULL,
  `NAMA` varchar(50) NOT NULL,
  `FOTO` varchar(100) NOT NULL,
  `FACEBOOK` varchar(100) NOT NULL,
  PRIMARY KEY (`USERNAME`)
) ENGINE=InnoDB DEFAULT CHARSET=latin1;

--
-- Dumping data untuk tabel `tb_pakar`
--

INSERT INTO `tb_pakar` (`USERNAME`, `PASSWORD`, `NAMA`, `FOTO`, `FACEBOOK`) VALUES
('admin', 'admin', 'ADMIN', 'faisol.jpg', 'faisolhara'),
('andri', 'andri', 'ANDRI WARDA P', 'andri.jpg', 'andry.cankxerz'),
('faisol', 'faisol', 'FAISOL ANDI SEFIHARA', 'faisol.jpg', 'faisolhara'),
('khoir', 'khoir', 'ABDUL KHOIR', 'khoir.jpg', 'khoirAK'),
('rayan', 'rayan', 'RAYAN SURYADIKARA', 'rayan.jpg', 'rayan.s.alexander'),
('ubaid', 'ubaid', 'M. Ubaidillah', 'ubaid.jpg', 'ubeth.vcw');

-- --------------------------------------------------------

--
-- Struktur dari tabel `tb_pengguna`
--

CREATE TABLE IF NOT EXISTS `tb_pengguna` (
  `ID_PENGGUNA` int(10) NOT NULL AUTO_INCREMENT,
  `NAMA` varchar(50) NOT NULL,
  `PEKERJAAN` varchar(50) NOT NULL,
  `JENIS_KELAMIN` varchar(50) NOT NULL,
  `UMUR` varchar(5) NOT NULL,
  `WAKTU_TES` timestamp NOT NULL DEFAULT CURRENT_TIMESTAMP,
  `TIPE_KEPRIBADIAN` varchar(50) NOT NULL,
  `SAYAP` varchar(50) NOT NULL,
  PRIMARY KEY (`ID_PENGGUNA`)
) ENGINE=InnoDB  DEFAULT CHARSET=latin1 AUTO_INCREMENT=26 ;

--
-- Dumping data untuk tabel `tb_pengguna`
--

INSERT INTO `tb_pengguna` (`ID_PENGGUNA`, `NAMA`, `PEKERJAAN`, `JENIS_KELAMIN`, `UMUR`, `WAKTU_TES`, `TIPE_KEPRIBADIAN`, `SAYAP`) VALUES
(12, 'Faisol Andi Sefihara', 'Mahasiswa', 'Laki-Laki', '21', '2015-05-24 15:03:51', 'The Reformer', '2'),
(17, 'Rayan Suryadikara', 'Petani', 'Laki-Laki', '23', '2015-05-28 15:38:30', 'The Peacemaker', '8'),
(18, 'Muhammad Ubaidillah', 'Tukang Sepik', 'Laki-Laki', '21', '2015-06-01 00:16:20', 'The Reformer', '7');

-- --------------------------------------------------------

--
-- Struktur dari tabel `tb_sayap`
--

CREATE TABLE IF NOT EXISTS `tb_sayap` (
  `ID_SAYAP` int(11) NOT NULL,
  `NAMA` varchar(20) NOT NULL,
  `PENJELASAN` varchar(200) NOT NULL,
  `QUOTE` varchar(50) NOT NULL
) ENGINE=InnoDB DEFAULT CHARSET=latin1;

-- --------------------------------------------------------

--
-- Struktur dari tabel `tb_soal`
--

CREATE TABLE IF NOT EXISTS `tb_soal` (
  `ID_SOAL` int(10) NOT NULL AUTO_INCREMENT,
  `SOAL` varchar(200) NOT NULL,
  `TIPE` varchar(20) NOT NULL,
  PRIMARY KEY (`ID_SOAL`)
) ENGINE=InnoDB  DEFAULT CHARSET=latin1 AUTO_INCREMENT=73 ;

--
-- Dumping data untuk tabel `tb_soal`
--

INSERT INTO `tb_soal` (`ID_SOAL`, `SOAL`, `TIPE`) VALUES
(1, 'Saya lebih suka melakukan sesuatu dengan cara yang benar daripada mengambil jalan pintas untuk efisiensi.\n', ''),
(2, 'Umumnya, orang – orang bermaksud baik, tetapi tidak begitu memahami saya.\n', ''),
(3, 'Umumnya, saya termotivasi untuk melakukan sesuatu dengan baik secara sendiri\n', ''),
(4, 'Umumnya, saya menerima orang beserta sifat mereka apa adanya\n', ''),
(5, 'Kadang – kadang agak menganggu saya jika orang lain tidak menghargai apa yang telah saya lakukan terhadap mereka', ''),
(6, 'Orang lain memandang saya sebagai orang yang sukses dan mengagumkan\r\n', ''),
(7, 'Saya percaya keadilan jauh lebih tinggi kedudukannya daripada persahabatan\r\n', ''),
(8, 'Moto saya bisa jadi sukses itu tiada duanya\r\n\r\n', ''),
(9, 'Lebih penting bagi saya untuk bermurah hati, setiap orang berhak menerima kesempatan kedua\r\n', ''),
(10, 'Saya sering merasa terasing dan berbeda dari orang lain\r\n', ''),
(11, 'Dunia akan lebih baik jika orang – orang memiliki keinginan yang kuat untuk melakukan yang benar\r\n', ''),
(12, 'Saya banyak menghabiskan waktu saya mencoba menolong orang lain mewujudkan potensinya\r\n', ''),
(13, 'Dalam ranah sosial saya biasanya terbuka terhadap saran orang lain\r\n', ''),
(14, 'Ketika dihadapkan pada masalah saya cenderung membiarkan anutan dan keyakinan saya menuntun tindakan saya\r\n', ''),
(15, 'Penting bagi saya untuk memahami perasaan saya, saya sering menyelami batin saya\r\n', ''),
(16, 'Umumnya, orang – orang terlalu santai dan tidak bertanggung jawab\r\n', ''),
(17, 'Saya umumnya hati – hati dan metodis, saya kadang meragukan kemampuan saya untuk melaksanakan dengan baik tanpa persiapan yang cukup\r\n', ''),
(18, 'Saya tidak keberatan jika orang lain bertingkah tidak pantas atau lepas tanggung jawab, selama mereka tidak mencoba menguasai saya\r\n', ''),
(19, 'Saya mempertahankan kemandirian saya dengan bersikap tertutup, saya menghindari kewajiban\r\n', ''),
(20, 'Saya berprinsip dan akan membela orang lain atas dasar apa yang saya anggap benar\r\n', ''),
(21, 'Ketika dihadapkan dengan rencana orang lain, saya memisahkan diri, saya harap orang lain membiarkan saya bebas\r\n', ''),
(22, 'Kadang – kadang keinginan saya untuk membantu orang lain menganggu dan tidak dingiinkan mereka\r\n', ''),
(23, 'Salah satu hal yang saya suka saat bersama orang lain adalah rasa kedekatan dan dukungan\r\n', ''),
(24, 'Saya menghargai bahwa saya memainkan peranan penting dalam kehidupan orang lain\r\n', ''),
(25, 'Umumnya, saya mengandalkan dukungan orang lain ketika saya merasa mereka memang peduli pada saya.\r\n', ''),
(26, ' Saya merasa masalah tumbuh dari tidak berbelas kasihan dan tidak cukup peduli dengan orang lain\r\n', ''),
(27, 'Rencana saya biasanya tersusun jelas, saya langsung dan tidak menyia – nyiakan waktu mencapai tujuan\r\n', ''),
(28, 'Saya mempunyai kecenderungan bekerja terlalu banyak, saya banyak mengemban kewajiban karena ingin melakukan lebih kepada orang lain\r\n', ''),
(29, 'Saya lebih suka gaya hidup yang menyenangkan dan penuh hal – hal baru\r\n', ''),
(30, 'Saya lebih suka hidup dalam dunia ide dan konsep saya sendiri, bahkan akan membahayakan kesuksesan luar saya.\r\n', ''),
(31, 'Saya mempunyai kecenderungan terlalu agresif dan menentang\r\n', ''),
(32, 'Ketika dihadapkan pada keadaan yang menyakitkan, saya merenungkan dalam – dalam mencari jawaban untuk emosi saya yang bergolak.\r\n', ''),
(33, 'Saya menghargai kesuksesan karena memberikan martabat terhadap saya\r\n', ''),
(34, 'Saya tidak keberatan, bahkan kadang – kadang menikmati suasana hati yang pilu\r\n', ''),
(35, 'Saya umumnya tahu apa yang saya mau dan berusaha keras mencapainya\r\n', ''),
(36, 'Ketika dihadapkan pada persoalan yang tidak mudah saya selesaikan, saya cenderung menarik diri sementara waktu agar dapat menelaahnya lebih jauh.\r\n', ''),
(37, 'Saya lebih suka melakukan sesuatu dengan efisien dan berhasil daripada melakukannya dengan sempurna.\r\n', ''),
(38, 'Umumnya, orang – orang tidak mantap dan ragu – ragu dalam mendukung.\r\n', ''),
(39, 'Umumnya, saya termotivasi untuk membantu tim dalam mencapai tujuan. \r\n', ''),
(40, 'Umumnya, saya waspada terhadap perasaan orang lain yang sebenarnya terhadap saya. ', ''),
(41, 'Kadang – kadang agak menganggu saya jika orang lain mengabaikan karya dan pencapaian pribadi saya.', ''),
(42, 'Orang lain memandang saya sebagai orang yang tidak biasa dan orisinil.', ''),
(43, 'Saya setia dan mendukung teman saya meskipun ketika mereka memang salah.', ''),
(44, 'Moto saya bisa jadi hiduplah pada saat ini.', ''),
(45, 'Lebih penting bagi saya untuk adil, aturan sama berlakunya kepada setiap orang.', ''),
(46, 'Saya sering merasa menyatu dengan orang lain.', ''),
(47, 'Dunia akan lebih baik jika orang – orang tidak terlalu merisaukan hal – hal yang dangkal.', ''),
(48, 'Saya banyak menghabiskan waktu saya mencoba menemukan tempat khusus saya dalam kehidupan.', ''),
(49, 'Dalam ranah sosial saya biasanya aktif dalam menjangkau orang lain.', ''),
(50, 'Ketika dihadapkan pada masalah saya cenderung menelaah masalah tersebut untuk memahami dasarnya.', ''),
(51, 'Penting bagi saya untuk menyelesaikan pekerjaan, saya jarang mengindahkan batin saya.', ''),
(52, 'Umumnya, orang – orang terlalu keras kaku dan gelisah.', ''),
(53, 'Saya umumnya tidak sabaran dan ceroboh, saya kadang sering dapat getahnya karena bertindak tergesa – gesa.', ''),
(54, 'Saya tidak keberatan jika orang lain menguasai saya, karena saya telah setuju dengan anutan dan pendirian mereka.', ''),
(55, 'Saya mempertahankan kemandirian saya dengan bersikap tegas, saya memastikan orang lain tidak mengendalikan saya.', ''),
(56, 'Saya gampangan dan tidak keberatan menerima sudut pandang orang lain.', ''),
(57, 'Ketika dihadapkan dengan rencana orang lain, saya mengalir dengan arus, saya tidak keberatan jika orang lain membuat keputusan.', ''),
(58, 'Kadang – kadang keinginan saya untuk membutuhkan ruang pribadi mengasingkan saya dari orang lain.', ''),
(59, 'Salah satu hal yang saya suka saat bersama orang lain adalah kenikmatan pada saat kegiatan bersama.', ''),
(60, 'Saya menghargai bahwa orang lain selalu ada ketika saya membutuhkan mereka.', ''),
(61, 'Umumnya, saya merasa bahwa saya sendiri tahu apa yang terbaik bagi saya dan hanya mengandalkan diri sendiri.', ''),
(62, ' Saya merasa masalah tumbuh dari tidak mampu bersantai dan menikmati kehidupan.', ''),
(63, 'Rencana saya biasanya sementara dan sering berubah ketika hal yang lebih menjanjikan muncul.', ''),
(64, 'Saya mempunyai kecenderungan mengendalikan orang, saya mengarahkan tindakan mereka karena saya merasa tahu apa yang baik bagi mereka. ', ''),
(65, 'Saya lebih suka gaya hidup yang mantap dan tenang.', ''),
(66, 'Saya lebih suka mempertahankan pandangan yang kuat dan praktis terhadap kenyataan dan melakukan apa pun yang perlu untuk sukses. ', ''),
(67, 'Saya mempunyai kecenderungan terlalu damai dan menarik diri.', ''),
(68, 'Ketika dihadapkan pada keadaan yang menyakitkan, saya meminimalisir perasaan saya dan berusaha menanganinya dengan rasional.', ''),
(69, 'Saya menghargai kesuksesan karena memberikan kemandirian terhadap saya.', ''),
(70, 'Saya tidak menangkap maksud mengapa berkubang dalam emosi negatif sementara banyak hal menyenangkan dalam kehidupan.', ''),
(71, 'Saya umumnya sulit membuat keputusan, terlebih ketika bersama orang lain.', ''),
(72, 'Ketika dihadapkan pada persoalan yang tidak mudah saya selesaikan, saya cenderung beralih ke orang lain untuk dukungan dan panduan.', '');

-- --------------------------------------------------------

--
-- Struktur dari tabel `tb_tipe`
--

CREATE TABLE IF NOT EXISTS `tb_tipe` (
  `ID_TIPE` int(11) NOT NULL,
  `NAMA` varchar(20) NOT NULL,
  `PENJELASAN` varchar(500) NOT NULL,
  `QUOTE` varchar(200) NOT NULL,
  PRIMARY KEY (`ID_TIPE`)
) ENGINE=InnoDB DEFAULT CHARSET=latin1;

--
-- Dumping data untuk tabel `tb_tipe`
--

INSERT INTO `tb_tipe` (`ID_TIPE`, `NAMA`, `PENJELASAN`, `QUOTE`) VALUES
(1, 'The Reformer', 'ZZZ', 'The Rational, Idealistic Type: Principled, Purposeful, Self-Controlled, and Perfectionistic.'),
(2, 'The Helper', 'ZZZ', 'The Caring, Interpersonal Type: Generous, Demonstrative, People-Pleasing, and Possessive.'),
(3, 'The Achiever', 'ZZZ', 'The Success-Oriented, Pragmatic Type: Adaptable, Excelling, Driven, and Image-Conscious.'),
(4, 'The Individualist', 'ZZZ', 'The Sensitive, Introspective type: Expressive, Dramatic, Self-Absorbed, and Temperamental.'),
(5, 'The Investigator', 'ZZZ', 'The Intense, Cerebral Type: Perceptive, Innovative, Secretive, and Isolated.'),
(6, 'The Loyalist', 'ZZZ', 'The Committed, Security-Oriented Type: Engaging, Responsible, Anxious, and Suspicious.'),
(7, 'The Enthusiast', 'ZZZ', 'The Busy, Variety-Seeking Type: Spontaneous, Versatile, Acquisitive, and Scattered.'),
(8, 'The Challenger', 'ZZZ', 'The Powerful, Dominating Type: Self-Confident, Decisive, Willful, and Confrontational.'),
(9, 'The Peacemaker', 'ZZZ', 'The Easygoing, Self-Effacing Type: Receptive, Reassuring, Agreeable, and Complacent.');

-- --------------------------------------------------------

--
-- Struktur dari tabel `tb_training`
--

CREATE TABLE IF NOT EXISTS `tb_training` (
  `ID_TRAINING` int(10) NOT NULL AUTO_INCREMENT,
  `SOAL1` double DEFAULT NULL,
  `SOAL2` double DEFAULT NULL,
  `SOAL3` double DEFAULT NULL,
  `SOAL4` double DEFAULT NULL,
  `SOAL5` double DEFAULT NULL,
  `SOAL6` double DEFAULT NULL,
  `SOAL7` double DEFAULT NULL,
  `SOAL8` double DEFAULT NULL,
  `SOAL9` double DEFAULT NULL,
  `SOAL10` double DEFAULT NULL,
  `SOAL11` double DEFAULT NULL,
  `SOAL12` double DEFAULT NULL,
  `SOAL13` double DEFAULT NULL,
  `SOAL14` double DEFAULT NULL,
  `SOAL15` double DEFAULT NULL,
  `SOAL16` double DEFAULT NULL,
  `SOAL17` double DEFAULT NULL,
  `SOAL18` double DEFAULT NULL,
  `SOAL19` double DEFAULT NULL,
  `SOAL20` double DEFAULT NULL,
  `SOAL21` double DEFAULT NULL,
  `SOAL22` double DEFAULT NULL,
  `SOAL23` double DEFAULT NULL,
  `SOAL24` double DEFAULT NULL,
  `SOAL25` double DEFAULT NULL,
  `SOAL26` double DEFAULT NULL,
  `SOAL27` double DEFAULT NULL,
  `SOAL28` double DEFAULT NULL,
  `SOAL29` double DEFAULT NULL,
  `SOAL30` double DEFAULT NULL,
  `SOAL31` double DEFAULT NULL,
  `SOAL32` double DEFAULT NULL,
  `SOAL33` double DEFAULT NULL,
  `SOAL34` double DEFAULT NULL,
  `SOAL35` double DEFAULT NULL,
  `SOAL36` double DEFAULT NULL,
  `SOAL37` double DEFAULT NULL,
  `SOAL38` double DEFAULT NULL,
  `SOAL39` double DEFAULT NULL,
  `SOAL40` double DEFAULT NULL,
  `SOAL41` double DEFAULT NULL,
  `SOAL42` double DEFAULT NULL,
  `SOAL43` double DEFAULT NULL,
  `SOAL44` double DEFAULT NULL,
  `SOAL45` double DEFAULT NULL,
  `SOAL46` double DEFAULT NULL,
  `SOAL47` double DEFAULT NULL,
  `SOAL48` double DEFAULT NULL,
  `SOAL49` double DEFAULT NULL,
  `SOAL50` double DEFAULT NULL,
  `SOAL51` double DEFAULT NULL,
  `SOAL52` double DEFAULT NULL,
  `SOAL53` double DEFAULT NULL,
  `SOAL54` double DEFAULT NULL,
  `SOAL55` double DEFAULT NULL,
  `SOAL56` double DEFAULT NULL,
  `SOAL57` double DEFAULT NULL,
  `SOAL58` double DEFAULT NULL,
  `SOAL59` double DEFAULT NULL,
  `SOAL60` double DEFAULT NULL,
  `SOAL61` double DEFAULT NULL,
  `SOAL62` double DEFAULT NULL,
  `SOAL63` double DEFAULT NULL,
  `SOAL64` double DEFAULT NULL,
  `SOAL65` double DEFAULT NULL,
  `SOAL66` double DEFAULT NULL,
  `SOAL67` double DEFAULT NULL,
  `SOAL68` double DEFAULT NULL,
  `SOAL69` double DEFAULT NULL,
  `SOAL70` double DEFAULT NULL,
  `SOAL71` double DEFAULT NULL,
  `SOAL72` double DEFAULT NULL,
  `TIPE` varchar(30) NOT NULL,
  `SAYAP` varchar(30) NOT NULL,
  PRIMARY KEY (`ID_TRAINING`)
) ENGINE=InnoDB  DEFAULT CHARSET=latin1 AUTO_INCREMENT=91 ;

--
-- Dumping data untuk tabel `tb_training`
--

INSERT INTO `tb_training` (`ID_TRAINING`, `SOAL1`, `SOAL2`, `SOAL3`, `SOAL4`, `SOAL5`, `SOAL6`, `SOAL7`, `SOAL8`, `SOAL9`, `SOAL10`, `SOAL11`, `SOAL12`, `SOAL13`, `SOAL14`, `SOAL15`, `SOAL16`, `SOAL17`, `SOAL18`, `SOAL19`, `SOAL20`, `SOAL21`, `SOAL22`, `SOAL23`, `SOAL24`, `SOAL25`, `SOAL26`, `SOAL27`, `SOAL28`, `SOAL29`, `SOAL30`, `SOAL31`, `SOAL32`, `SOAL33`, `SOAL34`, `SOAL35`, `SOAL36`, `SOAL37`, `SOAL38`, `SOAL39`, `SOAL40`, `SOAL41`, `SOAL42`, `SOAL43`, `SOAL44`, `SOAL45`, `SOAL46`, `SOAL47`, `SOAL48`, `SOAL49`, `SOAL50`, `SOAL51`, `SOAL52`, `SOAL53`, `SOAL54`, `SOAL55`, `SOAL56`, `SOAL57`, `SOAL58`, `SOAL59`, `SOAL60`, `SOAL61`, `SOAL62`, `SOAL63`, `SOAL64`, `SOAL65`, `SOAL66`, `SOAL67`, `SOAL68`, `SOAL69`, `SOAL70`, `SOAL71`, `SOAL72`, `TIPE`, `SAYAP`) VALUES
(1, 0.75, 0.5, 0, 0.5, 1, 0.25, 0.25, 0.75, 0.75, 0.5, 0.75, 1, 0, 0.5, 0.25, 0.5, 0.25, 0.75, 1, 1, 0.5, 1, 0, 0.75, 0.75, 0.75, 1, 0.5, 0.25, 0.75, 0.25, 0, 0.25, 1, 0.25, 0.75, 0.5, 0.25, 1, 0.75, 0.25, 0.5, 1, 0.25, 1, 0.75, 0.75, 1, 0, 0, 0.75, 1, 0.75, 0.5, 0.25, 1, 0, 1, 0.25, 0.75, 0.75, 0.5, 0, 1, 1, 0.25, 0.25, 0.5, 0.75, 0.75, 0.75, 0.75, '2', '1'),
(2, 0.75, 0.75, 0.5, 0.75, 1, 1, 0.25, 0.5, 0.5, 0.75, 0.75, 0.25, 0.25, 0.25, 1, 0.5, 1, 1, 0.25, 0, 1, 0.25, 0, 0.75, 1, 0.25, 0.25, 0.5, 0.5, 0.25, 0.75, 0, 1, 0.25, 1, 0.75, 1, 1, 0.5, 0.25, 0.75, 1, 0, 0.5, 1, 0, 0.75, 0, 0.75, 0, 1, 0, 0.25, 0.75, 1, 0.5, 0.75, 0.75, 0.25, 0.25, 1, 0.25, 0.25, 0.5, 0.75, 0.75, 1, 0.25, 0.25, 0.5, 0.25, 0.5, '8', '9'),
(3, 0, 0.5, 0.5, 0.75, 0.25, 0.25, 0.75, 1, 1, 0, 0.5, 0.25, 0.75, 0, 0.5, 0.75, 0.75, 1, 0, 1, 1, 0.25, 1, 0.25, 0.5, 0.5, 1, 0.75, 1, 0.25, 0.75, 0.5, 1, 1, 0.5, 0, 0, 0.25, 0.75, 0.75, 0.25, 0.25, 0.5, 0.25, 0.5, 0.75, 0.75, 1, 0.5, 1, 0.25, 0.75, 0.75, 1, 0.5, 0.25, 0.25, 0.75, 0.75, 1, 0.5, 0.75, 0.5, 1, 1, 0.5, 0.25, 0.75, 0.5, 0.5, 0.75, 1, '6', '7'),
(4, 0.5, 0.5, 0, 1, 1, 0.25, 0.75, 1, 0.5, 1, 0.25, 0.25, 0.75, 0.5, 1, 1, 0.5, 0, 0.75, 0.25, 0.25, 0.75, 0.75, 1, 0.75, 1, 0.5, 0.5, 0.25, 0.75, 0, 0.5, 1, 0.25, 0.25, 1, 0.75, 0.5, 0.75, 0.5, 0.25, 1, 0.5, 1, 0.25, 0.75, 1, 0.5, 0.25, 1, 1, 0.75, 0, 0.5, 0, 0.25, 0.5, 1, 0, 0.75, 0.75, 0.25, 1, 0.5, 0, 0.5, 0, 1, 0.75, 0.25, 0.25, 0, '5', '4'),
(5, 0.75, 0.5, 0.5, 1, 0.5, 0.5, 1, 0.25, 0.5, 0.75, 1, 0.5, 0.5, 0.5, 0.25, 0.75, 0.5, 0.25, 1, 1, 0.5, 0.25, 1, 0.75, 1, 0.5, 1, 0.25, 0, 0, 1, 0.25, 0.75, 0.75, 0, 0, 0.25, 1, 1, 0.75, 0, 0.25, 0, 0.25, 0.25, 0.5, 0.75, 0.25, 0.75, 0.25, 0.5, 0.5, 1, 0, 1, 0.75, 1, 0.25, 0.25, 0.5, 0.5, 0, 0.75, 0.25, 0.5, 0.75, 1, 1, 0.25, 1, 0.5, 0, '1', '9'),
(6, 0, 0, 0.75, 0.75, 1, 0, 1, 1, 0.25, 1, 0.25, 0.5, 1, 0.5, 0.5, 0.5, 0.25, 0.75, 0.5, 0.25, 1, 1, 0.5, 0.25, 0.5, 0.75, 0.75, 0.5, 0.5, 0.25, 0, 1, 1, 0.25, 1, 0.75, 1, 0, 0.25, 1, 1, 0.75, 0, 0.25, 0, 0, 0, 0.5, 0.75, 1, 0.75, 0.25, 0.5, 0.25, 0.75, 0, 0.75, 0.75, 1, 0, 0.25, 0.5, 0.5, 0, 0.75, 0.25, 0, 0.5, 1, 1, 0.25, 1, '3', '2'),
(7, 0.5, 1, 1, 0.5, 0, 0.75, 0.25, 0.25, 0.75, 0.75, 1, 0.75, 0.5, 0.75, 1, 0.5, 0.5, 0.5, 0.25, 0.75, 0.5, 0.25, 1, 1, 0.5, 1, 1, 0.75, 1, 0.5, 0.5, 0.25, 0, 0, 1, 0.25, 0, 0.75, 0.25, 0, 0.25, 1, 1, 0.75, 0, 0.25, 0.25, 0.25, 0, 0.5, 0.75, 1, 0.75, 0.25, 0.5, 0.25, 1, 0, 1, 0.75, 0.5, 0, 0.25, 0.5, 0.5, 0, 0.75, 0.25, 0, 0.5, 1, 1, '7', '6'),
(8, 0.5, 0.25, 0.75, 0.5, 0.25, 1, 1, 0.5, 0.25, 1, 0.75, 1, 1, 0.25, 0.5, 0.75, 1, 0.5, 0.5, 0.5, 0.25, 0.75, 0.5, 0.25, 1, 1, 0.5, 0.25, 1, 0.75, 1, 0.5, 1, 0.25, 0, 0, 1, 0.25, 1, 0.75, 0.75, 0, 0.25, 1, 1, 0.75, 0, 0.25, 0.75, 0, 0, 0.5, 0.75, 1, 0.75, 0.25, 0.5, 0.25, 0.5, 0, 1, 0.75, 1, 0, 0.25, 0.5, 0.5, 0, 0.75, 0.25, 0, 0.5, '3', '2'),
(9, 1, 0.5, 0.5, 0.25, 0.75, 0.5, 0.25, 1, 1, 0.5, 0.25, 1, 0.5, 0.5, 1, 0.25, 0.5, 0.75, 1, 0.5, 0.5, 0.5, 0.25, 0.75, 0.5, 0.25, 1, 0.75, 0.5, 0.25, 1, 0.75, 0.25, 0.5, 0.25, 0.25, 0, 0, 0, 0.25, 1, 0.75, 1, 0, 0.25, 1, 1, 0.75, 0, 0.25, 0.75, 0.25, 0.75, 0.5, 0.75, 1, 0.75, 0.25, 0.5, 0.25, 1, 0, 0.5, 0.75, 1, 0, 0.25, 0.5, 0.5, 0, 0.75, 0.25, '4', '3'),
(10, 0.75, 1, 0.5, 0.5, 0.5, 0.25, 0.75, 0.5, 0.25, 1, 1, 0.5, 0.5, 1, 0.5, 0.5, 1, 0.25, 0.5, 0.75, 1, 0.5, 0.5, 0.5, 0.25, 0.75, 0.5, 0.25, 1, 1, 0.5, 0.25, 1, 0.75, 1, 0.5, 0.5, 0.25, 0, 0, 0.5, 0.25, 1, 0.75, 1, 0, 0.25, 1, 1, 0.75, 0, 0.25, 0, 0.25, 0, 0.5, 0.75, 1, 0.75, 0.25, 0.5, 0.25, 1, 0, 1, 0.75, 0.5, 0, 0.25, 0.5, 0.5, 0, '5', '4'),
(11, 0.25, 0.5, 0.75, 1, 0.5, 0.5, 0.5, 0.25, 0.75, 0.5, 0.25, 1, 0.75, 0.5, 0.5, 1, 0.5, 0.5, 1, 0.25, 0.5, 0.75, 1, 0.5, 0.5, 0.5, 0.25, 0.75, 0.5, 0.25, 1, 1, 0.5, 0.25, 1, 0.75, 1, 0.5, 0.75, 0.25, 1, 1, 0.5, 0.25, 0.5, 0.75, 1, 0, 0.25, 1, 1, 0.75, 0, 0.25, 0.5, 0.25, 0, 0.5, 0.75, 1, 0.75, 0.25, 0.5, 0.25, 0.25, 0, 1, 0.75, 1, 0, 0.25, 0.5, '8', '9'),
(12, 0.5, 0.5, 0.5, 0.25, 0.75, 0.5, 0.5, 0.5, 0.5, 0.25, 0.75, 0.5, 1, 1, 0.75, 0.5, 0.75, 1, 0.5, 0.5, 1, 0.25, 0.5, 0.75, 1, 0.5, 0.5, 1, 0.25, 0.75, 0.5, 0.25, 1, 1, 0.5, 0.25, 1, 0.75, 0.75, 0.5, 1, 0.25, 0.5, 0, 0.5, 0.25, 0.75, 0.75, 1, 0.75, 0.25, 1, 1, 0.75, 0, 0.25, 0, 0.25, 0, 0.5, 0.75, 1, 0.75, 0.25, 0.5, 0.25, 1, 0, 1, 0.75, 1, 0, '2', '3'),
(13, 1, 1, 0.5, 0.25, 1, 0.75, 0.75, 1, 1, 0.5, 0.5, 0.25, 0.75, 0.5, 0.25, 1, 0.75, 0.5, 0.5, 1, 0.5, 0.5, 1, 0.25, 0.5, 0.75, 1, 0.5, 0.5, 0.5, 0.25, 0.75, 0.5, 0.25, 1, 1, 0.5, 0, 1, 0.75, 1, 0.5, 1, 0.25, 0.25, 0, 1, 0.25, 0, 0.75, 1, 0, 0.25, 1, 1, 0.75, 0.5, 0.25, 0, 0.25, 0, 0.5, 0.75, 1, 0.75, 0.25, 0.5, 0.25, 1, 0, 1, 0.75, '1', '2'),
(14, 0.25, 0.5, 0.75, 1, 0.5, 0.5, 0.25, 0.5, 0.75, 1, 0.5, 0.5, 0.5, 0.5, 1, 0.5, 0.25, 1, 0.75, 0.5, 0.5, 1, 0.5, 0.5, 1, 0.25, 0.5, 0.75, 1, 0.5, 0.5, 0.5, 0.25, 0.75, 0.5, 0.25, 1, 1, 0.5, 0.25, 1, 0.75, 0.75, 0.5, 1, 0.25, 1, 0, 0, 0.25, 1, 0.75, 1, 0, 0.25, 1, 1, 0.75, 0.75, 0.25, 0.25, 0.25, 0, 0.5, 0.75, 1, 0.75, 0.25, 0.5, 0.25, 1, 0, '9', '8'),
(15, 0.5, 0.5, 0.25, 0.75, 0.5, 0.5, 1, 0.75, 0.5, 0.5, 0.75, 1, 0.5, 0.5, 0.5, 0.25, 0.75, 0.5, 1, 0, 0.75, 0.5, 0.5, 1, 0.5, 0.5, 1, 0.25, 0.5, 0.75, 1, 0.5, 0.5, 0.5, 0.25, 0.75, 0.5, 0.25, 1, 1, 0.5, 0.25, 0.25, 0.75, 1, 0, 0, 0.25, 0, 0, 0.5, 0.25, 0.5, 0.75, 1, 0, 0.25, 1, 1, 0.75, 0, 0.25, 0, 0.25, 0, 0.5, 0.75, 1, 0.75, 0.25, 0.5, 0.25, '5', '6'),
(16, 0.25, 0.75, 0.5, 0.25, 1, 0.75, 0.25, 0.25, 0.75, 1, 0.5, 0.5, 0.75, 0.75, 0.5, 0.5, 0.5, 0.25, 0.75, 0.5, 0.25, 1, 0.75, 0.5, 0.5, 1, 0.5, 0.5, 1, 0.25, 0.5, 0.75, 1, 0.5, 0.5, 0.5, 0.25, 0.75, 0.5, 0.25, 1, 1, 0.5, 0.25, 1, 0.75, 0, 0.5, 0.75, 0.25, 0, 0, 1, 0.25, 1, 0.75, 1, 0, 0.25, 1, 1, 0.75, 0.25, 0.25, 0, 0.25, 0, 0.5, 0.75, 1, 0.75, 0.25, '2', '3'),
(17, 0.5, 1, 0.25, 0.5, 0.75, 1, 0.5, 0.5, 0.5, 0.25, 0.75, 0.5, 0.25, 1, 1, 0.5, 0.25, 1, 0.75, 1, 0.5, 1, 0.25, 0, 0, 1, 0.25, 1, 0.75, 1, 0, 0.25, 1, 1, 0.75, 0, 0, 0, 0.25, 0, 0.5, 0.75, 1, 0.75, 0.25, 0.5, 0.25, 1, 0, 1, 0.75, 0.25, 0, 0.25, 0.5, 0.25, 1, 0.75, 1, 0, 0.25, 1, 1, 0.75, 0, 0.25, 0, 0.25, 0, 0.5, 0.75, 1, '4', '5'),
(18, 0.25, 1, 0.75, 0.75, 1, 1, 0.5, 1, 0.25, 0.75, 0.5, 0.25, 1, 0.75, 0.5, 1, 1, 0.5, 0.5, 1, 0.25, 0.5, 0.75, 1, 0.5, 0.5, 0.5, 0.25, 0.75, 0.5, 0.25, 1, 0.5, 0.5, 0.25, 0.25, 0.75, 1, 0.5, 1, 0.25, 0, 0, 1, 0.25, 1, 0.75, 1, 0.25, 0.25, 1, 1, 0.75, 0, 0.25, 0, 0.25, 0, 0.5, 0.75, 1, 0.75, 0.25, 0.5, 0.25, 1, 0.5, 1, 0.75, 1, 0, 0.25, '3', '4'),
(19, 0.75, 0.5, 0.25, 1, 0.75, 0.5, 0, 1, 0.5, 0.5, 1, 0.25, 0.5, 0.75, 1, 0.5, 0.5, 0.5, 1, 0.75, 0.5, 0.25, 1, 1, 0.5, 0.25, 1, 0.75, 1, 0.5, 1, 0.25, 0, 0, 1, 0.25, 1, 0.75, 1, 0, 0.25, 1, 1, 0.75, 0, 0.25, 0, 0.25, 0.25, 0.5, 0.75, 1, 0.75, 0.25, 0.5, 0.25, 0.5, 0.25, 0.75, 0.5, 0.25, 1, 1, 0.75, 0.25, 1, 0.75, 1, 0.5, 1, 0, 1, '7', '6'),
(20, 0.5, 0.25, 0.75, 0.5, 0.5, 0.75, 1, 0.5, 0.5, 0.25, 0.5, 0.75, 1, 0.5, 0.5, 0.5, 0.25, 0.75, 0.5, 0.25, 1, 0.75, 0.5, 0.5, 1, 0.5, 0.5, 1, 0.25, 0.5, 0.75, 1, 0.5, 0.5, 0.5, 0.25, 0.75, 0.5, 0.25, 1, 1, 0.5, 0.25, 1, 0.75, 1, 0.5, 1, 0.5, 0, 0, 0.75, 0.25, 0.25, 0.75, 1, 0, 0.25, 1, 1, 0.75, 0, 0.25, 0, 0.25, 0, 0.5, 0.75, 0.5, 0.25, 1, 0, '2', '3'),
(21, 0.25, 0.75, 0.5, 0.25, 1, 1, 0.5, 0.25, 1, 0, 1, 0.5, 1, 0.25, 0, 0, 1, 0.25, 1, 0.75, 1, 0.5, 0.25, 1, 0.75, 0.75, 0, 0.25, 0, 0.25, 0, 0.5, 0.75, 1, 0.75, 0.25, 0.5, 0.25, 1, 0, 1, 0.75, 1, 0, 0.25, 0.5, 0.5, 0, 0.75, 0.75, 0, 0.5, 1, 1, 0.5, 0.5, 0.75, 1, 0.5, 0.5, 0.5, 0.25, 0.75, 0.5, 0.5, 1, 0.75, 0.5, 0.75, 0.25, 0.5, 0.25, '5', '6'),
(22, 0.75, 0.25, 0.75, 0.5, 0.25, 1, 0.75, 0.25, 0.5, 0.75, 1, 0.5, 0.5, 0.75, 1, 0.5, 0.5, 0.5, 0.25, 0.75, 0.5, 0.25, 1, 0.75, 0.5, 0.5, 1, 0.5, 0.5, 1, 0.25, 0.5, 0.75, 1, 1, 0.5, 0.5, 0.25, 0.75, 0.5, 0.25, 1, 1, 0.5, 0.25, 1, 0.75, 1, 0.5, 1, 0.25, 0, 0, 1, 0.25, 1, 0.75, 1, 0, 0.25, 1, 1, 0.75, 0, 0.25, 0, 0.25, 0, 0.5, 0.75, 1, 0.75, '4', '5'),
(23, 0.25, 1, 0.75, 0, 1, 0, 0.25, 0, 0.75, 1, 1, 0, 0.25, 0, 1, 0.25, 0, 0.25, 1, 0, 0.5, 0, 0.5, 0.25, 0.5, 1, 0.75, 0.25, 0.75, 0.75, 0, 0.75, 0.75, 1, 0.75, 0.25, 0.75, 1, 0.5, 0.5, 0.75, 0.5, 0.75, 0.5, 0, 0.25, 1, 0.25, 0, 0.75, 0, 0.5, 1, 0.25, 0.75, 0, 0, 0.25, 0.5, 1, 0, 0.5, 0.5, 0.25, 0, 0.5, 1, 0, 0.5, 1, 1, 0.25, '4', '3'),
(24, 0, 1, 0, 0.25, 0.75, 1, 0, 0.75, 0.75, 0, 0.75, 1, 0.5, 0, 1, 0.25, 1, 0.25, 0.75, 1, 0.25, 0, 0.75, 0.5, 0.25, 0.75, 0.5, 0.5, 0.25, 0.25, 1, 0.5, 0.75, 0, 0.25, 0.25, 0.5, 0.5, 0, 0.5, 0.75, 0, 0.25, 0.25, 0, 0.5, 1, 0.25, 0, 0.25, 0, 0.5, 0.75, 0.75, 1, 1, 0, 0.75, 0.75, 0, 0.75, 1, 0.5, 0.75, 1, 0.25, 0, 0.5, 1, 0.5, 0.25, 0.5, '8', '7'),
(25, 1, 0, 1, 0.75, 0.25, 0.25, 1, 0, 0, 0.25, 0.25, 1, 0.75, 1, 0.25, 0, 0, 0.75, 0.25, 1, 0.25, 0, 0.25, 0, 0.5, 0, 0, 0.75, 0, 0, 0.75, 0.5, 0.5, 0, 0.5, 0.5, 0.25, 0.5, 0, 0.75, 0, 0.5, 0.5, 0, 0.5, 0.75, 0, 1, 1, 0.75, 1, 0.25, 0.25, 0.5, 0.25, 0, 1, 0.5, 0.25, 1, 0.5, 1, 0.25, 0, 0.25, 0.25, 0.25, 0.5, 0.25, 0, 0.5, 0.25, '1', '9'),
(26, 0, 0.5, 0.25, 0.25, 1, 1, 0.75, 0.75, 0.75, 0.5, 0.5, 0, 0.75, 0.25, 0.25, 0, 1, 0.5, 0, 0.75, 0, 1, 0.25, 0, 0.25, 1, 0.5, 1, 0.5, 0.25, 0.25, 1, 0, 0, 0.25, 0.75, 0.5, 0.75, 0, 0, 0.5, 0.5, 0.5, 0.5, 0.25, 0.5, 0.75, 0, 1, 0, 0, 0.5, 0.5, 0.25, 1, 0, 1, 0.25, 0, 0.25, 0.5, 0.75, 0.75, 1, 0.75, 0.5, 0.75, 0.25, 0.75, 0, 2, 0.75, '2', '3'),
(27, 0.5, 0.25, 0.5, 1, 0, 0.5, 0.25, 0.5, 0.5, 0.75, 0.5, 0.75, 0, 1, 0.75, 1, 0.25, 0.25, 0, 0.25, 0.75, 0.75, 0.5, 0.25, 0.5, 0.5, 0.25, 0.75, 1, 0.5, 1, 0.25, 0, 0.75, 0.75, 1, 0.5, 1, 0.25, 1, 0, 0.75, 0.75, 0.75, 0.75, 0.5, 0.5, 0, 1, 0.25, 0.5, 1, 0.75, 0.5, 0, 0, 0.75, 0.25, 0.5, 0.5, 0.25, 0.5, 0.75, 1, 0.75, 1, 0, 0, 1, 0.75, 0.25, 0.25, '7', '8'),
(28, 0.75, 0.5, 0.75, 1, 0, 0.25, 0.75, 0.25, 0.25, 0, 0, 0.25, 0.5, 0, 0.5, 0.75, 0.75, 0.5, 0.75, 0.5, 0.75, 0.25, 0.75, 1, 0.75, 1, 1, 1, 0.25, 0.25, 0.25, 0, 1, 0.25, 0.75, 0.75, 1, 1, 0, 0.75, 1, 0, 0.25, 0.25, 1, 0.75, 0.25, 0.75, 0.75, 0.5, 1, 0, 0, 0.5, 0.25, 1, 0.25, 0.5, 1, 0.5, 0.25, 0.5, 0, 0.25, 0.25, 1, 0.25, 0.25, 0.5, 0.5, 0, 0.5, '3', '2'),
(29, 1, 0.5, 1, 0, 0.75, 0.75, 1, 0.25, 0.5, 0.5, 0, 0.5, 0.75, 0.75, 0.75, 1, 0.5, 0.75, 0.25, 0.75, 0.25, 1, 0.5, 0.75, 0.5, 0.25, 0, 0.25, 0, 0.75, 0, 0, 1, 0.25, 0.75, 0.5, 0.25, 0, 0.75, 0.25, 0.75, 0.75, 0, 0.75, 0.25, 0.25, 0.5, 0.25, 0.25, 0.25, 0.5, 0.75, 0.5, 0.5, 0.75, 0.25, 0.5, 0.5, 0.25, 0.75, 0.75, 0.25, 1, 1, 1, 0.5, 0, 0.75, 0.75, 0.75, 0.25, 0.75, '1', '2'),
(30, 0.5, 1, 0.75, 0.25, 0, 0.25, 0, 0.5, 0, 0.75, 1, 0.5, 0.5, 0, 0.25, 0.25, 1, 0.75, 0.5, 0.5, 0.25, 0.25, 0.25, 0.5, 1, 1, 0.5, 0.25, 0.5, 0.25, 1, 1, 0.75, 0.25, 0.5, 0.5, 0, 0.25, 0.75, 1, 0.75, 1, 0.75, 0, 0.75, 1, 0, 0.25, 0.5, 0.75, 1, 0, 0.25, 0, 0, 0.5, 0.75, 0.5, 0.5, 0.5, 0.75, 0.25, 1, 0.25, 0.25, 0, 0, 0.5, 0.5, 0.25, 0.75, 0.5, '4', '5'),
(31, 0, 0, 0.75, 0.5, 1, 0.5, 0.25, 0.75, 1, 0.25, 0.75, 0, 0.5, 0.25, 0, 0, 1, 1, 0.5, 0.25, 0.25, 0.25, 0, 0.75, 0, 0.25, 1, 0.5, 0.5, 0.5, 0.75, 0.75, 0.5, 0.25, 0.25, 0, 0, 1, 0.5, 0.75, 0, 0.5, 1, 0.5, 1, 0.75, 0, 0.5, 0.5, 0.5, 0.75, 0.25, 1, 1, 0.25, 0.75, 0.25, 0.75, 0.25, 0.75, 1, 0.5, 0.75, 0.5, 1, 1, 1, 0, 0.25, 0.25, 0.5, 0, '9', '8'),
(32, 0.25, 0, 0.5, 1, 0.25, 0, 0.75, 0.25, 0.25, 0.25, 0.25, 0.25, 1, 0.5, 1, 0, 0, 1, 0.25, 0.25, 1, 0.5, 0.25, 1, 1, 1, 0.75, 0.75, 0.75, 0.75, 0.5, 0.5, 0.25, 0.5, 0.5, 0.5, 1, 1, 1, 0, 1, 1, 0.25, 0.75, 0.75, 0.5, 0, 0.5, 0.75, 0.5, 0, 1, 0.75, 0.75, 0.5, 0.75, 0.5, 0.75, 0.75, 0.5, 1, 0.75, 1, 0, 0.5, 0.75, 0.25, 0.25, 0.5, 0.5, 0.5, 0, '7', '8'),
(33, 1, 0.25, 0.25, 0, 0.75, 0, 0.75, 0.75, 0.75, 1, 0.5, 0.75, 0, 0.75, 0.75, 1, 0.25, 0, 0.5, 0.75, 0.5, 0.75, 0.75, 1, 1, 0.75, 0.5, 1, 0.25, 0, 0.75, 0.25, 0.75, 0.25, 0, 1, 0.75, 0, 1, 0.25, 0.25, 0.25, 1, 0, 0, 0.25, 0.75, 0.25, 0.75, 0.75, 0.25, 0.5, 1, 0.5, 0.25, 0.25, 0, 1, 0.5, 0.75, 0.75, 0.75, 0.25, 0, 0.75, 0, 0, 0.25, 0.75, 0.25, 1, 0.5, '2', '1'),
(34, 0.75, 0.25, 0.25, 0.5, 1, 0.25, 0.5, 0.25, 1, 0, 0.25, 0, 1, 0.75, 1, 0.25, 0, 1, 0.75, 0.25, 0, 1, 0.5, 0.25, 0, 0.5, 0.25, 1, 0.75, 1, 0.25, 0.75, 0.25, 1, 1, 0.75, 0, 0.25, 0.25, 0.5, 1, 1, 0, 0.25, 0, 0.75, 0.5, 0.75, 0.25, 0, 0, 0.25, 0, 0.25, 1, 0.75, 0.75, 1, 0.25, 0.25, 0.25, 0, 1, 0.75, 0, 0.75, 0.5, 0.25, 0, 0, 0, 1, '4', '5'),
(35, 0.25, 0.75, 0, 1, 0, 0, 0, 0, 1, 0, 0.75, 0.5, 0, 0.25, 0, 1, 0.75, 0, 0.75, 1, 0.75, 0.5, 0.5, 0.5, 0.25, 0.25, 0, 0.5, 0.75, 0.75, 1, 1, 0.5, 0.75, 0.75, 0.75, 0.75, 0.75, 0.5, 0, 0.75, 0.25, 0, 0.25, 0.25, 1, 0, 1, 0, 1, 0.5, 1, 0.5, 0, 0, 0.5, 0.25, 0, 0.25, 0, 0.75, 0, 0.25, 0.5, 1, 0.25, 0, 1, 0, 0, 1, 0.25, '5', '4'),
(36, 0, 0.25, 0, 0.75, 0.25, 1, 1, 1, 0.5, 0.25, 1, 1, 0.25, 0, 0, 0.25, 0.5, 0.25, 0.5, 0, 0.25, 0.25, 0, 0.75, 0.5, 0.25, 1, 0, 0.25, 0.5, 0.5, 0, 0.5, 1, 1, 0.5, 1, 0.75, 0.25, 0.75, 0.5, 0.5, 0.75, 0.5, 0, 0.75, 1, 0.25, 0.25, 0.75, 0.75, 0.75, 0.5, 0, 1, 0.5, 1, 0, 0.75, 1, 0.5, 0.25, 0, 0.5, 0, 0.75, 1, 0.75, 0.75, 0.25, 0.5, 1, '3', '2'),
(37, 1, 1, 0.5, 0.75, 0, 1, 0.25, 0.25, 0.25, 0.75, 0, 0.25, 0.5, 1, 0.25, 0.75, 0.25, 0.75, 0, 0.75, 0.25, 0.25, 1, 0.75, 0.75, 0.5, 0.75, 0.25, 1, 0.25, 0.25, 0.25, 0.25, 1, 0.25, 0.25, 0, 0.5, 0, 0, 1, 1, 0.25, 1, 0.5, 1, 1, 0, 0.75, 1, 0.75, 0.5, 0.75, 1, 0.25, 0.5, 0.5, 0.25, 1, 0.75, 0.5, 0, 0.75, 0, 1, 0.5, 0.5, 0.5, 0.5, 0.5, 0.25, 0.75, '9', '1'),
(38, 0.5, 0.5, 1, 0.25, 1, 0.75, 0, 0, 0.75, 0.5, 0.25, 0.5, 0.25, 0.25, 0.25, 0.5, 0.75, 0, 0.25, 1, 0.5, 0.5, 0.25, 0.5, 0, 0.75, 0.5, 0.25, 0.25, 0, 0.75, 0.5, 0.75, 0, 1, 1, 0.25, 0.5, 1, 0.25, 0.75, 0.75, 0.5, 1, 0.75, 0.5, 0.75, 0.75, 0.5, 0.5, 0.25, 0, 0, 1, 0.5, 1, 0, 0.5, 0.25, 0.25, 0.75, 0, 0.25, 0.75, 0.75, 0, 0.25, 0.25, 0.25, 0.75, 0, 1, '8', '9'),
(39, 0.5, 0.75, 0.5, 0, 0.75, 0, 1, 1, 0.75, 0.5, 0.5, 0.25, 0.75, 0.75, 0.75, 0.5, 0.25, 1, 0, 0.5, 0, 0.75, 0.75, 0.25, 1, 0.5, 0.25, 0, 0, 1, 1, 0.5, 0.5, 0.25, 0, 0.75, 0.5, 0.25, 0.75, 0.25, 1, 0.75, 0.5, 0.25, 0.25, 0, 0, 0, 0.75, 0.25, 1, 0.75, 0.5, 0.75, 0, 0.75, 0, 0.75, 0.5, 1, 0.75, 0.5, 0.5, 0.25, 0.25, 0.25, 0, 0.75, 0, 0.75, 1, 0.5, '6', '7'),
(40, 0.25, 1, 0.75, 0, 0.25, 0.5, 1, 0.25, 0.5, 1, 0, 1, 0, 0.5, 0.5, 0.75, 1, 0.25, 1, 0.25, 1, 0, 0.5, 1, 0.75, 0.5, 1, 1, 1, 0.5, 0.75, 0, 1, 1, 0.25, 0.5, 0.75, 0.75, 0, 1, 0.25, 0.25, 0.25, 0.5, 0, 1, 0.75, 1, 0.25, 1, 0, 0, 0.5, 1, 0, 0.25, 1, 0.75, 1, 0, 1, 0.5, 0.25, 0.5, 0, 0.5, 0.25, 1, 0.5, 1, 0, 1, '5', '4'),
(41, 0, 1, 0, 0.5, 0.75, 0.75, 0.25, 0, 0.75, 0.75, 0, 0.75, 0.25, 0.75, 0.75, 1, 0.75, 0.75, 0.25, 0.25, 0.5, 0.75, 0.5, 0.25, 0.75, 0.75, 0.75, 0.75, 0.25, 0.25, 0.5, 0.75, 0.75, 0.75, 0.25, 0.5, 0.75, 0, 0.75, 1, 0.5, 1, 1, 0.75, 0.75, 1, 0, 0, 0.5, 0.75, 0.75, 1, 0.25, 0.5, 1, 0.75, 1, 1, 1, 0.25, 0.75, 0.75, 0.75, 0, 0.5, 0, 0.25, 0.75, 1, 0.5, 0, 0.75, '4', '5'),
(42, 0.75, 1, 0.75, 0.75, 1, 0.25, 0.75, 0.75, 0, 0.25, 1, 1, 0.25, 0.25, 0.25, 1, 0, 0.25, 0.75, 0, 1, 0, 0.75, 0, 0, 0.25, 0, 0.25, 0.75, 0.5, 0, 0, 0, 0.25, 0.5, 0, 0, 0, 0.25, 0.75, 0.5, 0.25, 0.25, 0.5, 1, 0.25, 0.25, 0.75, 0.75, 0.75, 0.75, 0.75, 0.5, 0, 0.5, 0, 0.75, 0.5, 0.75, 0.75, 0.25, 0, 0.25, 1, 0.25, 0.75, 0.75, 0.25, 0.25, 0.75, 0.75, 0.75, '1', '2'),
(43, 0.25, 0.75, 0.75, 0.25, 0.5, 0.5, 0, 0.25, 0.75, 1, 0.25, 0.5, 0.5, 0.25, 0.5, 0.25, 0.5, 0.25, 0.25, 0.25, 0.5, 0.75, 0.75, 0.75, 0.25, 0.75, 0.75, 0.25, 0.25, 0.75, 1, 1, 0, 0, 0.75, 1, 1, 1, 1, 0.5, 0.25, 1, 0.75, 0.5, 0.75, 0.25, 0.25, 0.25, 0, 0.5, 0.25, 0, 0.75, 0.75, 1, 0.75, 0.75, 0, 0.5, 1, 1, 1, 0.5, 0.75, 0.75, 0.25, 0.75, 1, 0.5, 0, 0.25, 1, '8', '9'),
(44, 1, 0, 0.25, 1, 0.5, 0.75, 1, 0.5, 0.25, 0.5, 0.5, 1, 0.75, 0.75, 0.25, 0.5, 0, 0.75, 0.75, 0.5, 0, 0, 0.25, 0.25, 1, 0, 0.25, 0, 0.25, 0.5, 0.75, 0.5, 1, 0.5, 0.75, 0.25, 0.5, 0.75, 0.5, 0.75, 0.75, 0.75, 0.5, 0, 0, 0.75, 0.25, 1, 0.75, 0.75, 1, 0, 0, 0.25, 0.5, 0.75, 1, 0.75, 0.75, 0.75, 0.25, 0.75, 0.5, 1, 1, 1, 0.75, 0.75, 0.75, 0.75, 0.75, 0.75, '1', '9'),
(45, 0.25, 0, 0.25, 0.25, 0.75, 1, 0.75, 0.75, 1, 0.5, 0, 1, 0, 0.25, 0.75, 0.75, 1, 0, 0.25, 0.75, 1, 1, 0.5, 0.75, 0.75, 1, 0.5, 0.75, 0.5, 1, 0, 0.5, 0.25, 0.5, 1, 0, 1, 0, 0.5, 1, 0.25, 0.75, 0.75, 1, 1, 0.25, 0.25, 0.25, 0, 0.25, 0.25, 0.75, 0, 0.25, 0.5, 1, 1, 0.75, 0, 0.25, 0.75, 0.25, 0.5, 0.75, 0.75, 0.75, 0.5, 0.25, 0, 0.25, 0.25, 0, '2', '3'),
(46, 0.75, 0.5, 0.75, 0.75, 0.25, 0.75, 0.25, 0.25, 0.75, 0.75, 1, 0.75, 0.25, 0.25, 0.5, 0.25, 0.75, 0, 0.5, 0.75, 0.75, 0.25, 0.5, 1, 1, 0, 1, 0, 0.5, 1, 0, 0.25, 0.75, 0, 1, 0, 0.5, 0.25, 0.25, 1, 1, 0.5, 0.25, 0.25, 0.25, 0.25, 1, 0.75, 0.5, 0.75, 0.25, 0.25, 0.75, 0.5, 0.25, 0.75, 0.75, 0, 0, 1, 1, 1, 0.25, 0.25, 0.5, 0.75, 0, 0.25, 0.25, 0.5, 1, 0, '3', '2'),
(47, 0, 1, 0, 1, 0.25, 0, 0, 1, 0.25, 0.25, 0.75, 0.75, 1, 0.5, 0, 0.5, 1, 0.25, 1, 0.75, 1, 0.5, 1, 0.5, 0.75, 0.75, 0.75, 1, 1, 1, 0.5, 0.75, 1, 1, 0.25, 0.75, 0.75, 1, 0.75, 0.75, 0.75, 0, 0.5, 0.75, 0.25, 0, 0.75, 1, 0.5, 0.5, 0.5, 0.25, 0.25, 0, 0.25, 0, 0.25, 0.25, 1, 0.25, 0.75, 0.75, 1, 0.5, 0, 0.75, 0.75, 1, 0.5, 0, 0, 0.75, '5', '6'),
(48, 0, 0.25, 0.75, 0.75, 0.5, 0.75, 1, 0.25, 0, 1, 0, 0.25, 1, 0.25, 1, 1, 0.25, 0.25, 0.5, 0, 0.25, 0, 0.25, 0.5, 1, 0, 1, 0.75, 0.75, 0.25, 0.5, 1, 1, 0.75, 0.75, 0.5, 0.5, 0.25, 0.25, 0, 0.5, 1, 0.25, 0.5, 0.75, 0.5, 0.75, 0.5, 0.5, 0.75, 0.25, 0, 0.75, 0.75, 1, 0, 0.25, 0.75, 0.75, 1, 0, 0.25, 1, 0, 0, 0, 0.25, 1, 0.5, 0.25, 1, 0.25, '4', '3'),
(49, 1, 1, 0, 0.25, 0.75, 0, 0.5, 0.75, 1, 0.5, 0.75, 1, 0.25, 1, 0.5, 0.75, 0.5, 0.5, 0, 0.75, 0, 0.75, 0.75, 1, 0.5, 1, 0, 1, 0.75, 0.75, 0.25, 0, 0.25, 0, 0.25, 0.5, 0.25, 0.25, 1, 0, 0.25, 0.25, 0, 1, 0, 0.5, 0.5, 1, 0.75, 1, 1, 0, 0.5, 0.25, 1, 0.5, 0.75, 0.25, 0, 0.25, 0.75, 0.5, 1, 0.5, 0.75, 0.25, 0.5, 0.75, 0, 0.75, 0.75, 1, '2', '1'),
(50, 0.75, 0, 0.5, 0.75, 0.5, 0.75, 0.75, 1, 0, 1, 0, 0.5, 0.25, 0.25, 0.5, 1, 0.25, 0.5, 0.75, 0.75, 0.25, 1, 0.75, 0.5, 0, 1, 0, 0.25, 0, 0.25, 0.75, 0.25, 0.75, 0.75, 0.5, 1, 1, 1, 0, 0.25, 0.25, 1, 0.25, 0.5, 0.75, 0.75, 0.5, 0.25, 0.25, 0.5, 0.75, 0.25, 0.75, 1, 0.25, 0.5, 1, 1, 0, 0.75, 0.25, 0.25, 0.75, 0.5, 1, 0, 1, 0, 0, 0.25, 0, 0.25, '9', '1'),
(51, 0.25, 0.75, 0.75, 1, 0.5, 1, 0.25, 0.25, 1, 0.75, 0.25, 0.5, 0.25, 0.75, 0.5, 0.25, 0.5, 0.75, 0, 0.25, 0.75, 0.75, 0.25, 0.75, 0.25, 0.75, 1, 0, 1, 0.5, 0.75, 0.75, 0.5, 0.75, 0.5, 0.25, 0.25, 1, 0.25, 0, 0.75, 0.75, 0.5, 0, 0, 0.5, 0.25, 1, 0.5, 0, 0, 0.5, 1, 0.25, 0.25, 1, 0.5, 0, 0.75, 1, 1, 0.75, 0.75, 0, 1, 1, 0, 1, 0.25, 1, 0, 0.75, '7', '8'),
(52, 1, 0, 0.25, 0.75, 0.25, 0.25, 0.75, 1, 1, 0.5, 0.75, 0.75, 0.75, 0.25, 0.75, 1, 1, 0.25, 0, 0, 1, 0, 0.5, 1, 1, 0.75, 0.75, 0.75, 0.5, 0, 0, 0, 0.5, 0.25, 0.25, 1, 0.25, 0.75, 0.75, 1, 0.25, 0, 0.75, 1, 1, 0.75, 0.75, 0.75, 0.75, 1, 1, 1, 0.25, 0.75, 0.5, 1, 0.75, 0.75, 0.75, 0.25, 0.5, 0.25, 0, 0.75, 0.75, 0.25, 0.5, 0.75, 0.75, 0.75, 0.25, 1, '9', '1'),
(53, 0, 0.75, 0, 0.25, 1, 1, 0, 0.25, 0.75, 0.5, 1, 0.25, 0.5, 0.5, 0.25, 1, 0.25, 0.25, 0.5, 0.75, 0.75, 0, 0.5, 1, 0.5, 0.75, 0, 0.25, 1, 1, 0, 0.75, 0.75, 0.75, 0.75, 0, 1, 0, 1, 1, 0, 0.5, 0.75, 0, 0.25, 1, 0.25, 0, 0, 0.25, 0.75, 0.75, 0, 1, 0, 0.5, 0.5, 0.25, 1, 0.5, 0, 1, 0, 0.25, 0, 1, 0.5, 0.25, 0.25, 0, 0.25, 0.25, '6', '7'),
(54, 1, 0.75, 0.75, 0.5, 0.75, 0.75, 0.75, 0, 1, 0.75, 1, 0.5, 0, 1, 0.5, 0.5, 1, 0.5, 0, 1, 0.5, 0.75, 0.75, 0.25, 0.5, 1, 0.75, 0, 0, 0.75, 0, 0, 0.25, 0, 0.25, 0, 0.75, 0.5, 0.75, 0, 0.5, 0.75, 0.25, 0, 0.75, 1, 0.5, 0.75, 1, 0.25, 0.5, 0.75, 0.25, 1, 0.75, 0.5, 0, 0.75, 0.75, 0, 0.75, 1, 0.25, 1, 0, 0.75, 0.25, 0, 0.25, 0.75, 0.5, 1, '1', '2'),
(55, 1, 0.5, 0.75, 0.5, 0.5, 0.25, 0.75, 0.75, 0.25, 0.25, 0.5, 0, 1, 0.25, 1, 0.75, 0.5, 1, 1, 0.25, 0.5, 1, 0.25, 0.5, 0.75, 0.75, 0.25, 0.75, 0.25, 0.5, 0.75, 0.5, 0.25, 0.75, 0.75, 0.75, 0.75, 0.5, 1, 0.5, 0.25, 0.5, 0.75, 0.5, 0.5, 0.25, 1, 0, 0.5, 0.5, 0, 0, 0.75, 0.75, 1, 0.5, 0.75, 0.25, 0, 0.25, 0.75, 0.5, 1, 0.5, 0.75, 0.25, 0.5, 0.75, 0.5, 0.25, 0.75, 0.75, '8', '9'),
(56, 0.25, 0.5, 1, 0.75, 0.25, 0.5, 0, 0.25, 0.75, 0.5, 0, 0.75, 0.75, 0.75, 0.75, 0.25, 1, 0.75, 0.75, 0.75, 0.75, 0.25, 0.5, 0, 0, 0.25, 0.75, 0.25, 0, 1, 0, 0.5, 0, 0, 0.25, 0, 0, 0.75, 0.75, 0.25, 1, 1, 0, 0.5, 0.25, 1, 0.75, 0, 0.5, 0.75, 1, 1, 0.25, 0.75, 0.25, 0.5, 0, 1, 0, 0.75, 0.25, 0.5, 0.75, 0.5, 0.5, 0, 0.75, 0, 0.5, 0.75, 0.25, 0, '5', '4'),
(57, 0, 0, 1, 0.75, 0.5, 0.5, 0.75, 0, 0.5, 0.75, 0.75, 0, 0.25, 0, 0.25, 0.75, 0, 0, 0.25, 0, 0.25, 0.75, 0.75, 1, 0.75, 0, 0.5, 0.75, 0.75, 0.75, 0, 0.25, 0.75, 0.75, 0.75, 1, 1, 0.5, 1, 0.75, 0.75, 0.25, 0.5, 0, 0.25, 0.75, 0.75, 0.25, 0.25, 0, 0, 0.5, 1, 0, 0.5, 0.75, 0.75, 0.75, 0.25, 1, 1, 1, 0, 0.5, 0.75, 0.75, 0.75, 0.75, 0.25, 0.5, 0.75, 0.75, '6', '7'),
(58, 0.5, 0.25, 0.1, 0.75, 0.5, 0, 0.25, 1, 0.75, 0.5, 1, 0.25, 0, 0.75, 0.75, 1, 0.75, 0.5, 0.25, 0.5, 0.75, 0.5, 0, 0.5, 1, 0.25, 0.75, 0.5, 1, 0.25, 1, 0.75, 0.5, 1, 0.5, 0.75, 1, 0.75, 0.75, 1, 1, 0.25, 0.75, 1, 0.5, 0.75, 1, 1, 0.75, 1, 0.75, 0.25, 0.25, 1, 1, 0.25, 0.75, 1, 0.5, 1, 0.25, 1, 0, 1, 1, 0, 0.75, 0, 1, 0.75, 0.25, 1, '6', '5'),
(59, 0, 0.5, 0.5, 0.75, 0.25, 0.25, 0.5, 0, 1, 0, 0.5, 0.75, 0.75, 0.5, 0.5, 0.75, 0.75, 1, 0, 1, 1, 0.25, 1, 0.25, 0.5, 0.5, 1, 0.75, 1, 0.25, 0.75, 0.5, 1, 1, 0.5, 0, 0, 0.25, 0.75, 0.75, 0.25, 0.25, 0.5, 0.25, 0.5, 0.75, 0.75, 1, 0.5, 1, 0.25, 1, 0.75, 1, 0.5, 0, 0.25, 0.75, 0.75, 1, 0.5, 0.75, 0.5, 1, 1, 0.5, 0.25, 0.75, 0.5, 0.5, 0.75, 1, '6', '7'),
(60, 0.5, 0.5, 0, 1, 1, 0.25, 0.75, 1, 0.5, 1, 0.25, 0.25, 0.75, 0.5, 0.25, 1, 0.5, 0, 0.75, 0.25, 0.25, 0.75, 0.75, 1, 0.75, 1, 0.5, 0.5, 0.25, 0.75, 0, 0.5, 1, 0.25, 0.25, 1, 0.75, 0.5, 0.75, 0.5, 0.25, 1, 0.5, 1, 0.25, 0.75, 1, 0.5, 0.25, 1, 1, 0.75, 0, 0.5, 0, 0.25, 0.5, 1, 0, 0.75, 0.75, 0.25, 1, 0.5, 0, 0.5, 0, 1, 0.75, 0.25, 0, 0, '5', '6'),
(61, 0.75, 0.75, 0.5, 1, 0.5, 0.5, 1, 0.25, 0.5, 0.75, 1, 0.5, 0.5, 0.5, 0.25, 0.75, 0.5, 0.25, 1, 1, 0.5, 0.25, 1, 0.75, 1, 0.5, 1, 0.25, 0, 0, 1, 0.25, 0, 0.75, 1, 0, 0.25, 1, 1, 0.75, 0, 0.25, 0, 0.25, 0, 0.5, 0.75, 1, 1, 0.25, 0.5, 0.25, 1, 0, 1, 0.75, 1, 0, 0.25, 0.5, 0.5, 0, 0.75, 0.25, 0, 0.5, 1, 1, 0.25, 1, 0.5, 0, '1', '9'),
(62, 0, 0.5, 0.75, 0.75, 1, 0, 1, 1, 1, 1, 0.25, 0.5, 1, 0.5, 0.5, 0.5, 0.25, 0.75, 0.5, 0.25, 1, 1, 0.5, 0.25, 1, 0.75, 1, 0.5, 1, 0.25, 0, 0, 0.25, 0.25, 1, 0.75, 1, 0, 0.25, 1, 1, 0.75, 0, 0.25, 0, 0.25, 0, 0.5, 0.75, 1, 0.75, 0.25, 0.5, 1, 0.5, 0, 1, 0.75, 1, 0, 0.25, 0.5, 0.5, 0, 0.75, 0.25, 0, 0.5, 1, 1, 0.25, 1, '7', '6'),
(63, 1, 0, 1, 0.75, 0.75, 1, 1, 0, 0.25, 0.25, 1, 1, 0.75, 1, 0.25, 0, 0, 0.75, 0.25, 1, 0.25, 0, 0.25, 0, 0.5, 0, 0, 0.75, 0, 0, 0.75, 0.5, 0.5, 0, 0.5, 0.5, 0.25, 0.5, 0, 0, 0, 0, 0.5, 0, 0.5, 0.75, 0, 1, 1, 0.75, 0.75, 0.25, 0.25, 0.75, 0.25, 0.25, 0.5, 0.5, 0.25, 1, 0.5, 1, 0.25, 0, 0.25, 0.25, 0.25, 0.5, 0.25, 0, 0.5, 0.25, '1', '2'),
(64, 0, 0.5, 0.25, 0.25, 1, 1, 0.75, 0.75, 0.75, 0.5, 0.5, 0, 0.75, 0.25, 0.25, 0, 1, 0.5, 0, 0.75, 0.5, 1, 0.25, 0, 0.25, 0.75, 0.5, 1, 0.5, 0.25, 0.25, 1, 0, 0, 0.25, 0.25, 0.25, 0.75, 0, 0.5, 0.5, 0.5, 0.5, 0.5, 0.25, 0.5, 0.75, 0, 0.75, 0.75, 1, 0.5, 0.5, 0.25, 1, 0.5, 1, 0.25, 0, 0.25, 0.5, 0.75, 0.75, 1, 0.75, 0.5, 0.75, 0.25, 0.75, 0, 2, 0.75, '2', '1'),
(65, 0.5, 0.25, 0.5, 1, 0, 0.5, 0, 0, 0.5, 0.75, 0.5, 0.75, 0.25, 1, 0.75, 1, 0.25, 0.25, 0, 0.25, 0.75, 0.75, 0.25, 0.25, 0.5, 0.5, 0.25, 0.75, 1, 0.5, 0.5, 0.25, 0, 0.75, 0.75, 0.25, 0.5, 1, 0.25, 1, 0, 0, 0.75, 0.75, 0.75, 0.5, 0.5, 0.75, 1, 0, 0.5, 1, 0.75, 0.5, 0, 0, 0.75, 0.25, 0, 0.5, 0.25, 0.5, 0.75, 1, 0.75, 0.25, 0, 0, 1, 0.75, 0.25, 0.25, '7', '8'),
(66, 0.75, 0.5, 0.75, 1, 0, 0.25, 0.75, 0.25, 0.25, 0, 0, 0.25, 0.5, 0, 0.5, 0.75, 0.75, 0.5, 0.75, 0.5, 0.75, 0.25, 0.75, 0, 0.75, 0, 0.75, 0.5, 0.25, 0.25, 0.25, 0, 0.25, 0.25, 0.75, 0.75, 0.5, 1, 0, 0.75, 0.5, 0, 0.25, 1, 1, 0.75, 0.25, 0.75, 0.75, 0.5, 1, 0, 0, 0.5, 0.25, 1, 1, 0.5, 1, 0.5, 0.25, 0, 0.75, 0.25, 0.25, 1, 0.25, 0.25, 0.5, 0.5, 0, 0.5, '9', '8'),
(67, 1, 1, 0.5, 0.25, 1, 0.75, 0.75, 1, 0.5, 0.5, 0.5, 0.25, 0.75, 0.5, 0.25, 1, 0.75, 0.5, 0.5, 1, 0.5, 0.5, 1, 0.25, 0.5, 0.75, 1, 0.5, 0.5, 0.5, 0.25, 0.75, 0.5, 0.25, 1, 1, 0.5, 0.25, 1, 0.75, 1, 0.5, 1, 0.25, 0, 0, 1, 0.25, 0.25, 0.75, 1, 0, 0.25, 1, 1, 0.75, 1, 0.25, 0, 0.25, 0, 0.5, 0.75, 1, 1, 0.25, 1, 0.25, 1, 0, 1, 0.75, '1', '9'),
(68, 0.25, 0.5, 0.75, 1, 0.5, 1, 0.25, 0.5, 0.75, 1, 0, 0.5, 0.5, 0.5, 0.75, 0.5, 0, 1, 0.75, 0.5, 0.5, 0.5, 0.5, 0.5, 1, 0.25, 0.5, 0.75, 1, 0.5, 0.5, 0.5, 0.25, 0.75, 0.5, 0, 1, 1, 0.5, 0.25, 1, 0.75, 1, 0.5, 1, 0.25, 0.75, 0, 1, 0.25, 0, 0.75, 1, 0, 0.25, 1, 1, 0.75, 1, 0.25, 0.75, 0.25, 0, 0.5, 0.75, 1, 0.75, 0.25, 0.5, 0.25, 1, 0, '3', '4'),
(69, 0.5, 0.5, 0.25, 0.75, 0.5, 0.5, 1, 0.75, 0.5, 0.5, 0.75, 1, 0.5, 0.5, 0.5, 0.25, 0.75, 0.5, 0.25, 1, 0.75, 0.5, 0.5, 0.5, 0.5, 0.5, 0, 0.25, 0.5, 0.75, 1, 0.5, 0.5, 0.5, 0.25, 0.75, 0.5, 0.25, 1, 1, 0.5, 0.25, 1, 0.75, 1, 0, 1, 0.25, 0, 0, 1, 0.25, 1, 0.75, 1, 0, 0.25, 1, 1, 0.75, 0, 0.25, 0, 0.25, 0, 0.5, 0.75, 1, 0.75, 0.25, 0.5, 0.25, '6', '5'),
(70, 0.25, 0.75, 0.5, 0.25, 1, 0.75, 1, 0.5, 0.75, 1, 0.5, 0.5, 0.75, 1, 0.5, 0.5, 0.5, 0.25, 0.75, 0.5, 0.25, 1, 0.75, 0.5, 0.5, 1, 0.5, 0.5, 1, 0.25, 1, 0.75, 1, 0.5, 1, 0.5, 0.25, 0.75, 0.5, 0.25, 1, 1, 0.5, 0.25, 0.75, 0.75, 1, 0.5, 1, 0.25, 0, 0.5, 0.25, 0.5, 1, 0.75, 1, 1, 0.25, 1, 1, 0.75, 0.25, 0.25, 0.75, 0.25, 0, 0.5, 0.75, 1, 0.75, 0.25, '8', '7'),
(71, 0.5, 1, 0.25, 0.5, 0.75, 1, 0.5, 0.5, 0.5, 0.25, 0.75, 0.5, 0, 1, 1, 0.5, 0.25, 1, 0.75, 1, 0.5, 1, 0.25, 0, 0, 1, 1, 1, 0.75, 1, 0, 0.25, 1, 1, 0.75, 0, 0.75, 0, 0.25, 0, 0.5, 0.75, 1, 0.75, 0.25, 0.5, 0.25, 1, 0, 1, 0.75, 1, 0, 0.25, 0.5, 0.25, 1, 0.75, 1, 0, 0.25, 1, 0, 0.75, 0, 0.25, 0, 0.25, 0, 0.5, 0.75, 1, '4', '3'),
(72, 0.25, 1, 0.75, 0.75, 1, 1, 0.5, 0.5, 0.5, 0.75, 0.5, 0.25, 1, 0.5, 0.5, 0.75, 1, 0.5, 0.5, 1, 0.25, 0.5, 0.75, 1, 0.5, 0.5, 1, 0.25, 0.75, 0.5, 0.25, 1, 1, 0.5, 0.25, 1, 0.75, 1, 0.5, 1, 0.25, 0, 0, 1, 0.25, 1, 0.75, 1, 0, 0.25, 1, 1, 0.75, 0, 0.25, 0, 0.25, 0, 0.5, 0.75, 1, 0.75, 0.25, 0.5, 0.25, 1, 1, 1, 0.75, 1, 0, 0.25, '3', '4'),
(73, 1, 0.25, 0, 0.75, 0.5, 0.5, 0, 0.25, 1, 0.75, 0.25, 1, 0.5, 0.75, 0.25, 1, 0.25, 1, 0.75, 0, 0.25, 1, 0.75, 0.5, 1, 0.25, 0.75, 0.5, 1, 0, 1, 0.75, 0.25, 1, 0.75, 1, 0, 0.75, 0, 0.5, 1, 0.25, 0, 0.5, 0.25, 0.75, 1, 0.25, 0.75, 0.25, 1, 0.25, 0.75, 0.5, 0.25, 0, 0.25, 0.75, 0.5, 1, 0.25, 1, 0.5, 0.25, 0.75, 0.5, 0.75, 1, 0, 0.5, 0.25, 1, '7', '6'),
(74, 1, 0.75, 0.25, 1, 0.75, 0.25, 1, 0, 0.75, 1, 0, 0.25, 0.5, 0.75, 0.25, 1, 0.75, 1, 0.25, 0.75, 1, 0.5, 0.25, 0.75, 1, 0.25, 0.5, 0.25, 0.25, 1, 0.75, 0, 0.5, 1, 0.5, 0.25, 0.75, 1, 0, 0.75, 0.25, 1, 0.25, 1, 0, 0.75, 0.25, 0.75, 0, 1, 0.25, 0.75, 0, 0.5, 0.25, 0.75, 1, 0, 1, 0.25, 1, 0.75, 0, 1, 0.25, 0.75, 1, 0.75, 1, 0.5, 1, 0.75, '9', '1'),
(75, 0.25, 0.75, 0.5, 0.25, 1, 1, 0.5, 0.25, 0.25, 0.75, 1, 0.5, 1, 0.25, 0, 0, 1, 0.25, 1, 0.75, 1, 0, 0.25, 1, 0.75, 0.75, 0, 0.75, 0, 0.25, 0, 0.5, 0.75, 1, 0.75, 1, 0.5, 0.25, 1, 0, 1, 0.75, 1, 0, 0.25, 0.5, 0.5, 0, 0.75, 1, 0, 0.5, 0.5, 1, 0, 0.5, 0.75, 1, 0.5, 0.5, 0.5, 0.25, 0.75, 0.5, 0.25, 1, 0.75, 0.5, 0.75, 0.25, 0.5, 0.25, '5', '6'),
(76, 0.75, 0.25, 0.75, 0.5, 0.25, 1, 0.75, 0.25, 0.5, 0.5, 0.75, 0.5, 0.5, 0.75, 1, 0.5, 0.5, 0.75, 0.25, 0.75, 0.5, 0.25, 1, 0.75, 0.5, 0.5, 1, 0.5, 0.5, 1, 0.25, 0.5, 0.75, 1, 0.5, 0.5, 0.5, 0.25, 0.75, 0.5, 0.25, 1, 1, 0.5, 0.25, 1, 0.75, 1, 0.5, 0.25, 0.25, 0, 0, 1, 0.25, 1, 0.75, 1, 0, 0.75, 1, 1, 0.75, 0, 0.25, 0, 0.25, 0, 0.5, 0.75, 1, 0.75, '6', '5'),
(77, 0.25, 1, 0.75, 0, 1, 0, 0.25, 0, 0.75, 1, 1, 0, 0.25, 0, 0, 0.25, 0, 0.25, 1, 0, 0.5, 0, 0.5, 0.25, 0.5, 1, 0.75, 0.5, 0.75, 0.75, 0, 0.75, 0.75, 1, 0.75, 0.25, 0.75, 0.25, 0, 0.75, 0.75, 0.5, 0.75, 0.5, 0, 0.25, 1, 0.25, 0, 0.75, 0, 1, 1, 0.75, 0.75, 0, 0, 0.25, 0.5, 1, 0, 1, 0.5, 0.25, 0, 0.5, 1, 0, 0.5, 0, 1, 0.25, '7', '6'),
(78, 0, 1, 0, 0.25, 0.75, 1, 0, 0, 0.25, 0, 0.75, 1, 0.5, 0, 1, 0.25, 1, 0.25, 0.75, 1, 0.25, 0.75, 0.75, 0.5, 0.25, 0, 0.5, 0.5, 1, 0.25, 1, 0.5, 0.5, 0, 0.25, 0.25, 0.5, 1, 0, 0.5, 0.75, 1, 0.25, 0.25, 0, 0.5, 1, 0.25, 0, 0.25, 0, 0.5, 0.75, 0.75, 1, 1, 0, 0.75, 0.75, 0, 0.75, 1, 0.5, 0.75, 1, 0.25, 0, 0.5, 0.5, 0, 0.25, 0.5, '8', '7'),
(79, 1, 0, 1, 0.75, 0.25, 0.25, 0, 0.25, 0.25, 0.25, 0.25, 1, 0.75, 1, 0.25, 0, 0, 0.75, 0.25, 1, 0.25, 0, 0.25, 1, 0.5, 0.5, 0, 1, 0, 0, 0.75, 0.5, 0.5, 0, 0.5, 0.5, 0.25, 0.5, 0.25, 0, 0, 0, 0.5, 0, 0.5, 0.75, 0, 1, 1, 0.75, 0, 0.25, 0.25, 0.75, 0.25, 0, 1, 0.5, 0.25, 1, 0.5, 0.5, 0.25, 1, 0.25, 0.25, 0.25, 0.5, 0.25, 1, 1, 0.25, '2', '1'),
(80, 0, 0.5, 0.25, 0.25, 1, 1, 0.75, 0.75, 0.75, 0.5, 0.5, 0, 0.75, 0.25, 0.25, 0, 1, 0.5, 0, 0.75, 0.5, 1, 0.25, 0, 0.25, 1, 0.5, 1, 0.5, 0.25, 0.25, 1, 0, 0, 0.25, 0.25, 0.5, 0.75, 0, 0, 0.5, 0.5, 0.5, 0.5, 1, 0.5, 0.75, 0, 1, 0.75, 0.25, 0.5, 0.5, 0.25, 1, 1, 1, 0.25, 0, 0.25, 0.5, 0.75, 0.75, 1, 1, 0.5, 1, 0.25, 0.75, 0, 0.75, 0.75, '9', '8'),
(81, 0.5, 0.25, 0.5, 1, 0, 0.5, 0.25, 0.5, 0.5, 0.75, 0.5, 1, 0.25, 1, 0.75, 1, 0.25, 0.25, 0, 0.25, 0.75, 0.75, 0.25, 0.25, 0.5, 0.5, 0.25, 0.75, 1, 0.5, 0.5, 0.25, 0, 0.75, 1, 0.25, 0, 1, 0.25, 1, 0, 0.75, 0.75, 0.75, 0.75, 0.5, 0.5, 0, 0.5, 0.25, 0.5, 1, 0.75, 0, 0, 0.75, 0.75, 0.25, 0, 0.5, 0.25, 0.5, 0.75, 1, 0.75, 1, 0, 0, 1, 0.75, 0.25, 0.25, '7', '8'),
(82, 0.75, 1, 1, 1, 0.75, 0.25, 0.75, 1, 0.25, 0.75, 0, 0.25, 0.5, 0, 0.5, 0.75, 0.75, 0.5, 0.75, 0.5, 0.75, 0.25, 0.75, 0, 0.75, 0, 0.75, 0.5, 0.25, 0.25, 0.25, 0, 0.25, 0.25, 0.75, 0.75, 0.5, 1, 0, 0.75, 1, 0, 0.25, 0.25, 1, 0.75, 0.25, 0.75, 0.75, 0.5, 1, 0, 0, 0.5, 0.25, 1, 0.25, 0.25, 1, 0.5, 0.25, 0.5, 0, 1, 0.25, 1, 0.25, 0.25, 0.5, 0.5, 0, 0.5, '3', '4'),
(83, 1, 0.5, 1, 0, 0.75, 0.75, 1, 0, 0.5, 0.5, 0, 0.5, 0.75, 0.75, 0.75, 1, 0.5, 0.75, 0.25, 0.75, 0.25, 1, 0.5, 0.75, 0.5, 0.25, 0, 0.25, 0, 1, 0, 0.5, 1, 0.25, 0.75, 0.5, 0.25, 0, 0.75, 0.25, 1, 1, 0, 0, 0.25, 1, 0.5, 1, 0.25, 0.25, 0.5, 0.75, 0, 0.5, 0.75, 0.25, 0.5, 0.5, 0.25, 0.75, 0.75, 0.25, 0, 0, 1, 0.5, 1, 0.75, 0.75, 0.75, 0.25, 0.75, '4', '3'),
(84, 0.5, 1, 0.75, 0.25, 0, 1, 0, 0.75, 0, 0.75, 1, 0.5, 0.5, 1, 0.25, 0.25, 1, 0.75, 0.5, 0.5, 0.25, 0, 0.25, 0.5, 0.25, 1, 1, 0.25, 0.5, 0.25, 1, 1, 1, 0.25, 0.5, 0.5, 0, 0.25, 0.75, 1, 1, 1, 0.75, 0.25, 0.75, 1, 0, 0.25, 0.5, 0.75, 1, 0, 0.25, 0, 0, 0.5, 0.75, 0.5, 0.5, 0.5, 0.75, 0.25, 1, 0.25, 0.5, 0, 0, 0.5, 0.5, 0.25, 0.75, 0.5, '3', '4'),
(85, 0, 0, 0.75, 0.5, 1, 0.5, 0.25, 0.5, 1, 0.25, 0.75, 0.25, 0.5, 0.25, 0, 0, 1, 1, 0.5, 0.25, 0.25, 0.25, 0, 0.75, 0, 0.25, 1, 0.5, 0.5, 0.5, 0.75, 0.75, 0.5, 0.25, 0.25, 0, 0, 1, 0.5, 0.75, 0, 0.5, 0.5, 0.5, 1, 0.75, 0, 0.5, 0.5, 0.5, 0.75, 0.25, 1, 1, 1, 0.75, 1, 0.75, 0.25, 0, 1, 0.5, 0.75, 0.5, 1, 1, 1, 0, 0.25, 0.25, 0.5, 0, '9', '8'),
(86, 0.25, 0, 0.5, 1, 0.25, 0, 0.75, 0.25, 0.25, 0.25, 0.25, 0, 1, 0.5, 1, 0, 0, 1, 0.25, 0.25, 1, 0.5, 0.25, 1, 1, 0.75, 0.75, 0.75, 0.75, 0.75, 1, 0.5, 0.25, 0.5, 0, 0.5, 1, 1, 1, 0, 1, 1, 0.25, 0.75, 1, 0.5, 1, 0.5, 0.5, 0.5, 0, 1, 0.75, 0.75, 0.5, 0.75, 0.5, 0.75, 0.75, 0.5, 0.75, 0.5, 1, 0, 0.5, 0.75, 0.25, 0.25, 0.5, 0.5, 0.5, 0, '8', '7'),
(87, 1, 0.25, 0.25, 0, 0.75, 0, 0.5, 0.75, 0.75, 1, 0.5, 0.75, 0, 0.75, 1, 0.75, 0.25, 0, 0.5, 0.75, 0.5, 0.75, 0.75, 1, 1, 0.75, 0.5, 1, 0.25, 0, 0.75, 0.25, 0.75, 0.25, 0, 1, 0.75, 0, 1, 1, 0.25, 0.25, 0.75, 0, 0, 0.25, 0.75, 0.25, 0, 0.75, 0.25, 0.5, 1, 1, 0.25, 0.25, 0, 1, 0.5, 0.75, 0, 0.75, 0.25, 0, 0.75, 0, 0, 1, 0.75, 0.25, 1, 0.5, '6', '5'),
(88, 0.75, 0.25, 0.25, 1, 1, 0.25, 0.5, 0.25, 1, 0, 0.25, 0, 1, 1, 0.5, 1, 0, 1, 0.75, 0, 0, 1, 0.5, 0.25, 0, 0.5, 0.25, 1, 0.75, 1, 0.25, 0.75, 0.25, 1, 1, 0.75, 0, 0.25, 0.25, 0.5, 1, 0, 0, 0.25, 0, 1, 0.5, 0.75, 0.25, 0, 0, 0.25, 0, 0.25, 1, 0.75, 0.75, 1, 0, 0.25, 0.25, 0, 1, 0.75, 0, 0.75, 0.5, 0.25, 0, 0, 0, 1, '9', '1'),
(89, 0.25, 0.75, 0, 1, 0.25, 0, 0, 0, 0.75, 0, 0.75, 0.5, 0, 0.25, 0, 1, 0.75, 0, 0.75, 1, 0.75, 0.5, 1, 0.5, 0.25, 0.25, 0, 0.5, 0.75, 0.75, 1, 1, 0.5, 0.75, 0.75, 0.75, 1, 0.75, 0.75, 1, 0.75, 0.25, 1, 0.25, 0.25, 1, 0, 0.25, 0, 1, 0.5, 1, 0.5, 0, 0, 0.5, 0.25, 0, 0.25, 1, 0.75, 0, 0.25, 0.5, 1, 0.25, 1, 1, 0, 0, 1, 1, '6', '5'),
(90, 0, 0.25, 0, 0.75, 0.25, 1, 0.5, 1, 0.5, 0.25, 1, 1, 0.75, 0, 0, 0.25, 0.5, 0.25, 0.5, 0.25, 0.25, 0.25, 0.75, 0.75, 0.5, 0.25, 1, 0, 1, 0.5, 0.5, 0, 0.5, 1, 1, 0.5, 1, 0.75, 0.25, 0.75, 0.5, 0.5, 0.75, 0.5, 0.5, 0.75, 1, 0.25, 0.25, 0.75, 0.75, 1, 1, 0, 1, 0, 1, 0, 1, 1, 0.5, 0.25, 0.25, 0.5, 0, 0.75, 1, 0.75, 0.75, 0.25, 0.5, 1, '8', '7');

/*!40101 SET CHARACTER_SET_CLIENT=@OLD_CHARACTER_SET_CLIENT */;
/*!40101 SET CHARACTER_SET_RESULTS=@OLD_CHARACTER_SET_RESULTS */;
/*!40101 SET COLLATION_CONNECTION=@OLD_COLLATION_CONNECTION */;
